,Mkt-RF,SMB,HML,RF,WML
1927-01-01,-0.0005,-0.0032,0.0458,0.0025,0.005699999999999999
1927-02-01,0.0417,0.0007000000000000001,0.027200000000000002,0.0026,-0.0151
1927-03-01,0.0014000000000000002,-0.0177,-0.023799999999999998,0.003,0.0352
1927-04-01,0.004699999999999999,0.0039000000000000003,0.006500000000000001,0.0025,0.0435
1927-05-01,0.0545,0.0155,0.048,0.003,0.0278
1927-06-01,-0.023799999999999998,0.0051,-0.0172,0.0026,0.0054
1927-07-01,0.0726,-0.0327,-0.0113,0.003,0.0417
1927-08-01,0.0199,-0.0077,-0.0385,0.0028000000000000004,0.013600000000000001
1927-09-01,0.04769999999999999,-0.036000000000000004,-0.005699999999999999,0.0021,0.0194
1927-10-01,-0.0429,0.0203,-0.0447,0.0025,-0.009000000000000001
1927-11-01,0.0652,0.0278,-0.0008,0.0021,-0.0023
1927-12-01,0.0209,0.0098,-0.011200000000000002,0.0022,0.0311
1928-01-01,-0.005699999999999999,0.042,-0.0070999999999999995,0.0025,-0.0045000000000000005
1928-02-01,-0.0169,-0.0206,-0.0064,0.0033,-0.010700000000000001
1928-03-01,0.08789999999999999,-0.0038,-0.0111,0.0029,0.0475
1928-04-01,0.0425,0.0414,0.0325,0.0022,-0.058499999999999996
1928-05-01,0.0152,0.027000000000000003,-0.03,0.0032,0.0264
1928-06-01,-0.049,-0.037599999999999995,0.0028000000000000004,0.0031,0.0169
1928-07-01,0.0063,-0.013600000000000001,-0.0054,0.0032,0.0254
1928-08-01,0.0669,-0.0204,-0.0213,0.0032,0.0368
1928-09-01,0.0287,0.024,0.0084,0.0027,0.0349
1928-10-01,0.0131,0.022400000000000003,-0.021400000000000002,0.0040999999999999995,0.051699999999999996
1928-11-01,0.1182,-0.0182,0.0265,0.0038,0.0187
1928-12-01,0.004,-0.009300000000000001,-0.0052,0.0006,0.0144
1929-01-01,0.0466,-0.0335,-0.012199999999999999,0.0034000000000000002,0.024300000000000002
1929-02-01,-0.0034000000000000002,-0.0033,0.0166,0.0036,0.030699999999999998
1929-03-01,-0.0085,-0.049100000000000005,0.015700000000000002,0.0034000000000000002,-0.0062
1929-04-01,0.0147,-0.011200000000000002,0.009300000000000001,0.0036,0.0207
1929-05-01,-0.0638,-0.054400000000000004,-0.0152,0.0044,-0.0219
1929-06-01,0.09699999999999999,-0.021400000000000002,-0.0274,0.0052,0.08310000000000001
1929-07-01,0.044800000000000006,-0.0387,0.026699999999999998,0.0033,0.0296
1929-08-01,0.0814,-0.0975,0.0032,0.004,0.044000000000000004
1929-09-01,-0.0545,0.0134,-0.0079,0.0034999999999999996,0.0296
1929-10-01,-0.2007,-0.0495,0.0754,0.0046,0.024399999999999998
1929-11-01,-0.12869999999999998,-0.0088,0.050499999999999996,0.0037,-0.0204
1929-12-01,0.0128,-0.040999999999999995,-0.0014000000000000002,0.0037,0.0542
1930-01-01,0.056100000000000004,0.0349,-0.0103,0.0014000000000000002,-0.0546
1930-02-01,0.025,0.0028000000000000004,0.0028000000000000004,0.003,0.011200000000000002
1930-03-01,0.0709,0.0339,0.003,0.0034999999999999996,-0.042300000000000004
1930-04-01,-0.020499999999999997,-0.0034999999999999996,-0.0037,0.0021,0.041299999999999996
1930-05-01,-0.0166,-0.021,-0.0074,0.0026,-0.0076
1930-06-01,-0.16079999999999997,-0.0359,0.024,0.0027,0.0584
1930-07-01,0.0412,-0.0027,-0.017,0.002,-0.021400000000000002
1930-08-01,0.003,-0.0216,-0.0059,0.0009,0.0387
1930-09-01,-0.1281,-0.0241,-0.0509,0.0022,0.1159
1930-10-01,-0.08779999999999999,-0.002,-0.0109,0.0009,0.06269999999999999
1930-11-01,-0.0304,0.0246,-0.0381,0.0013,-0.0134
1930-12-01,-0.0786,-0.0467,-0.056900000000000006,0.0014000000000000002,0.1251
1931-01-01,0.0625,0.0347,0.0824,0.0015,-0.111
1931-02-01,0.10880000000000001,0.0345,0.0163,0.0004,-0.1358
1931-03-01,-0.0635,0.028300000000000002,-0.032,0.0013,0.0971
1931-04-01,-0.1,-0.042199999999999994,-0.0433,0.0008,0.1097
1931-05-01,-0.1329,0.052199999999999996,-0.06309999999999999,0.0009,0.0922
1931-06-01,0.1393,-0.0501,0.11699999999999999,0.0008,-0.1754
1931-07-01,-0.0663,0.0149,-0.022000000000000002,0.0006,0.0839
1931-08-01,0.004,-0.0208,-0.017,0.0003,-0.0332
1931-09-01,-0.2874,-0.0102,-0.0724,0.0003,0.09300000000000001
1931-10-01,0.0799,-0.0028000000000000004,0.031200000000000002,0.001,0.028999999999999998
1931-11-01,-0.09140000000000001,0.044000000000000004,-0.0519,0.0017000000000000001,0.0803
1931-12-01,-0.1352,-0.0087,-0.0919,0.0012,0.1292
1932-01-01,-0.015700000000000002,0.0441,0.0974,0.0023,-0.09939999999999999
1932-02-01,0.0545,-0.025099999999999997,-0.0147,0.0023,0.0148
1932-03-01,-0.113,0.0213,-0.022000000000000002,0.0016,0.10039999999999999
1932-04-01,-0.1794,0.009300000000000001,0.0207,0.0011,0.07629999999999999
1932-05-01,-0.2051,0.0421,-0.0408,0.0006,0.12539999999999998
1932-06-01,-0.0077,0.004,0.058499999999999996,0.0002,0.0192
1932-07-01,0.3361,-0.0429,0.3552,0.0002,-0.45630000000000004
1932-08-01,0.3712,0.1346,0.342,0.0003,-0.5261
1932-09-01,-0.0294,-0.0215,-0.0737,0.0003,0.0246
1932-10-01,-0.1315,-0.0259,-0.1047,0.0002,0.0462
1932-11-01,-0.0588,0.0183,-0.1319,0.0002,-0.0096
1932-12-01,0.044199999999999996,-0.083,-0.0754,0.0001,0.0464
1933-01-01,0.0124,0.0073,0.0646,0.0001,-0.024399999999999998
1933-02-01,-0.15289999999999998,-0.0263,-0.0292,-0.0003,0.046
1933-03-01,0.030600000000000002,0.036000000000000004,0.0709,0.0004,0.0424
1933-04-01,0.3881,0.0302,0.201,0.001,-0.1705
1933-05-01,0.2143,0.35960000000000003,0.1866,0.0004,-0.0554
1933-06-01,0.131,0.08650000000000001,-0.016399999999999998,0.0002,0.0425
1933-07-01,-0.0964,-0.0106,0.033,0.0002,-0.0034999999999999996
1933-08-01,0.1204,-0.0516,0.0305,0.0003,0.0754
1933-09-01,-0.1065,-0.0058,-0.11710000000000001,0.0002,0.016399999999999998
1933-10-01,-0.0836,-0.0007000000000000001,-0.0849,0.0001,-0.0213
1933-11-01,0.09970000000000001,-0.0637,0.0227,0.0002,0.0646
1933-12-01,0.0182,0.0036,-0.0199,0.0002,0.0401
1934-01-01,0.126,0.1321,0.162,0.0005,-0.0348
1934-02-01,-0.025099999999999997,0.050499999999999996,0.018600000000000002,0.0002,0.0009
1934-03-01,0.0009,0.0245,-0.0259,0.0002,-0.0067
1934-04-01,-0.0179,0.0273,-0.0383,0.0001,-0.0481
1934-05-01,-0.0726,-0.0031,-0.059000000000000004,0.0001,-0.0239
1934-06-01,0.0271,-0.0218,-0.0285,0.0001,-0.0079
1934-07-01,-0.1094,-0.0712,-0.1076,0.0001,0.08800000000000001
1934-08-01,0.0558,0.0555,0.0017000000000000001,0.0001,0.0256
1934-09-01,-0.0024,-0.015,-0.0121,0.0001,-0.0006
1934-10-01,-0.0166,0.0123,-0.05,0.0001,0.0688
1934-11-01,0.0833,0.066,-0.021400000000000002,0.0001,0.0377
1934-12-01,0.0036,0.032799999999999996,-0.0316,0.0001,0.0453
1935-01-01,-0.0346,0.0096,-0.0177,0.0001,0.031
1935-02-01,-0.0196,0.0032,-0.0748,0.0002,0.1446
1935-03-01,-0.0371,-0.034300000000000004,-0.050300000000000004,0.0001,0.023700000000000002
1935-04-01,0.0906,-0.0158,0.0437,0.0001,-0.0475
1935-05-01,0.0346,-0.032,0.0245,0.0001,-0.0359
1935-06-01,0.0593,-0.0253,-0.0152,0.0001,0.026600000000000002
1935-07-01,0.0754,0.0202,0.0658,0.0001,-0.0479
1935-08-01,0.0265,0.0601,0.0629,0.0001,-0.0646
1935-09-01,0.0262,0.0155,-0.0412,0.0001,0.08310000000000001
1935-10-01,0.0703,0.026699999999999998,-0.0233,0.0001,0.0182
1935-11-01,0.0487,0.04650000000000001,0.122,0.0002,-0.07139999999999999
1935-12-01,0.0455,0.0009,0.0083,0.0001,0.037000000000000005
1936-01-01,0.0689,0.055999999999999994,0.10949999999999999,0.0001,-0.029500000000000002
1936-02-01,0.024900000000000002,0.0084,0.0433,0.0001,0.0253
1936-03-01,0.0096,0.0069,-0.0159,0.0002,0.0163
1936-04-01,-0.0814,-0.0599,-0.022799999999999997,0.0002,-0.0767
1936-05-01,0.0519,0.0089,0.0255,0.0002,0.025
1936-06-01,0.024,-0.0322,-0.011899999999999999,0.0003,0.005600000000000001
1936-07-01,0.0668,0.010700000000000001,0.0253,0.0001,0.024900000000000002
1936-08-01,0.009899999999999999,0.0060999999999999995,0.0379,0.0002,0.006
1936-09-01,0.0097,0.031200000000000002,0.009399999999999999,0.0001,0.0141
1936-10-01,0.071,-0.0235,0.025099999999999997,0.0002,0.0068000000000000005
1936-11-01,0.0326,0.087,-0.0125,0.0001,0.0204
1936-12-01,0.002,0.0387,0.0414,0.0,0.0213
1937-01-01,0.0335,0.0449,0.0278,0.0001,-0.0199
1937-02-01,0.0108,0.0064,0.042800000000000005,0.0002,0.027200000000000002
1937-03-01,-0.0026,-0.0125,0.0704,0.0001,0.0333
1937-04-01,-0.0736,-0.037200000000000004,-0.0346,0.0003,-0.0354
1937-05-01,-0.0083,-0.0069,-0.0346,0.0006,0.005699999999999999
1937-06-01,-0.042300000000000004,-0.0391,-0.031200000000000002,0.0003,0.0078000000000000005
1937-07-01,0.0891,0.0088,0.008100000000000001,0.0003,-0.0045000000000000005
1937-08-01,-0.048799999999999996,0.0045000000000000005,-0.0225,0.0002,-0.018600000000000002
1937-09-01,-0.1362,-0.07,-0.0455,0.0004,-0.0681
1937-10-01,-0.0959,0.0045000000000000005,-0.0152,0.0002,-0.0146
1937-11-01,-0.0833,-0.0356,0.0022,0.0002,-0.0132
1937-12-01,-0.0429,-0.07919999999999999,-0.004699999999999999,0.0,0.048499999999999995
1938-01-01,0.0048,0.0484,-0.015300000000000001,0.0,-0.0174
1938-02-01,0.058499999999999996,0.0040999999999999995,-0.0197,0.0,-0.028399999999999998
1938-03-01,-0.2391,-0.043,-0.0363,-0.0001,0.1578
1938-04-01,0.1448,0.064,0.0045000000000000005,0.0001,-0.09849999999999999
1938-05-01,-0.038599999999999995,-0.024700000000000003,-0.0024,0.0,0.0698
1938-06-01,0.2389,0.042199999999999994,0.0037,0.0,-0.2487
1938-07-01,0.0733,0.0669,0.022799999999999997,-0.0001,-0.0677
1938-08-01,-0.0268,-0.0248,-0.0478,0.0,0.0349
1938-09-01,0.0083,-0.0268,-0.017,0.0002,0.0242
1938-10-01,0.078,0.0581,0.0504,0.0001,-0.0753
1938-11-01,-0.0174,-0.0255,-0.012,-0.0006,0.0332
1938-12-01,0.0416,-0.0181,0.0054,0.0,0.0231
1939-01-01,-0.059699999999999996,-0.0154,-0.0392,-0.0001,-0.029900000000000003
1939-02-01,0.0351,0.0060999999999999995,0.0292,0.0001,0.031200000000000002
1939-03-01,-0.12029999999999999,-0.0475,-0.0827,-0.0001,-0.018600000000000002
1939-04-01,-0.0018,0.0167,-0.003,0.0,0.0273
1939-05-01,0.0681,0.027999999999999997,0.004699999999999999,0.0001,0.0352
1939-06-01,-0.0533,-0.0109,-0.0528,0.0001,0.022400000000000003
1939-07-01,0.10220000000000001,0.0418,0.0013,0.0,-0.0069
1939-08-01,-0.0668,-0.045899999999999996,-0.024700000000000003,-0.0001,0.0591
1939-09-01,0.1689,0.2057,0.21760000000000002,0.0001,-0.3145
1939-10-01,-0.0053,-0.0008,-0.0479,0.0,0.0658
1939-11-01,-0.0365,-0.0512,-0.063,0.0,-0.0029
1939-12-01,0.029300000000000003,0.0092,-0.04190000000000001,0.0,0.0542
1940-01-01,-0.0241,0.0023,-0.0077,0.0,0.0174
1940-02-01,0.0144,0.0252,-0.0036,0.0,0.0167
1940-03-01,0.020499999999999997,0.0124,-0.0127,0.0,-0.0055000000000000005
1940-04-01,0.0022,0.039900000000000005,-0.0022,0.0,0.0336
1940-05-01,-0.22,-0.0662,-0.037200000000000004,-0.0002,0.028900000000000002
1940-06-01,0.0669,-0.0232,0.048799999999999996,0.0,-0.0246
1940-07-01,0.0317,0.009899999999999999,-0.0075,0.0001,0.0106
1940-08-01,0.022099999999999998,-0.0018,0.0055000000000000005,-0.0001,-0.0178
1940-09-01,0.0239,0.032,-0.011399999999999999,0.0,-0.0006
1940-10-01,0.030299999999999997,0.0033,0.04650000000000001,0.0,-0.0576
1940-11-01,-0.0165,0.019799999999999998,0.0016,0.0,0.0131
1940-12-01,0.0069,-0.0212,-0.0089,0.0,0.0354
1941-01-01,-0.0418,0.0098,0.0383,-0.0001,-0.0475
1941-02-01,-0.0143,-0.015600000000000001,0.0089,-0.0001,0.010700000000000001
1941-03-01,0.0084,0.0009,0.0305,0.0001,0.0246
1941-04-01,-0.0546,-0.0167,0.0341,-0.0001,0.030299999999999997
1941-05-01,0.0137,-0.0064,0.0060999999999999995,0.0,0.026099999999999998
1941-06-01,0.0583,0.0131,0.0060999999999999995,0.0,-0.0068000000000000005
1941-07-01,0.0587,0.0574,0.0724,0.0003,-0.0151
1941-08-01,-0.0017000000000000001,-0.0043,-0.011000000000000001,0.0001,0.0018
1941-09-01,-0.0088,-0.0098,-0.0027,0.0001,-0.0167
1941-10-01,-0.0526,-0.0207,0.0163,0.0,0.0482
1941-11-01,-0.0195,-0.0108,-0.006,0.0,0.0441
1941-12-01,-0.048799999999999996,-0.0286,-0.0594,0.0001,0.004
1942-01-01,0.0079,0.0745,0.10099999999999999,0.0002,-0.0363
1942-02-01,-0.0246,0.0174,-0.0115,0.0001,-0.0072
1942-03-01,-0.066,0.0187,-0.0060999999999999995,0.0001,-0.0026
1942-04-01,-0.0437,-0.0044,0.0209,0.0001,-0.0083
1942-05-01,0.0596,-0.032,-0.026699999999999998,0.0003,-0.04769999999999999
1942-06-01,0.0268,-0.0128,0.0043,0.0002,-0.0138
1942-07-01,0.0351,-0.0015,0.0241,0.0003,0.0079
1942-08-01,0.018000000000000002,-0.0004,0.013300000000000001,0.0003,-0.0008
1942-09-01,0.0262,0.0063,0.0239,0.0003,-0.0092
1942-10-01,0.0682,0.0169,0.0647,0.0003,-0.0441
1942-11-01,0.0013,-0.014199999999999999,-0.042300000000000004,0.0003,-0.010700000000000001
1942-12-01,0.051399999999999994,-0.0255,0.0055000000000000005,0.0003,0.030899999999999997
1943-01-01,0.0713,0.0877,0.0823,0.0003,-0.003
1943-02-01,0.0616,0.0484,0.0652,0.0003,-0.0163
1943-03-01,0.0603,0.0513,0.054900000000000004,0.0003,0.0472
1943-04-01,0.008100000000000001,0.0209,0.058600000000000006,0.0003,0.058600000000000006
1943-05-01,0.0575,0.0446,0.032799999999999996,0.0002,0.059000000000000004
1943-06-01,0.0182,-0.0098,-0.0075,0.0003,-0.0132
1943-07-01,-0.0478,-0.0231,-0.0223,0.0003,-0.0451
1943-08-01,0.013000000000000001,-0.0064,-0.004699999999999999,0.0003,0.009000000000000001
1943-09-01,0.024,0.013000000000000001,0.014199999999999999,0.0003,0.0173
1943-10-01,-0.0115,0.006,0.0168,0.0003,-0.0069
1943-11-01,-0.0593,-0.015700000000000002,-0.039900000000000005,0.0003,-0.0447
1943-12-01,0.0637,0.031,0.028999999999999998,0.0003,0.0592
1944-01-01,0.0174,0.026099999999999998,0.0229,0.0003,0.0075
1944-02-01,0.0037,-0.0008,0.0085,0.0003,0.0034000000000000002
1944-03-01,0.0246,0.0165,0.0335,0.0002,0.0262
1944-04-01,-0.0169,-0.0131,-0.0106,0.0003,0.0051
1944-05-01,0.0508,0.0168,0.0103,0.0003,0.019
1944-06-01,0.055099999999999996,0.041100000000000005,0.0189,0.0003,-0.0579
1944-07-01,-0.0149,0.0058,-0.0042,0.0003,0.0014000000000000002
1944-08-01,0.015600000000000001,0.023700000000000002,-0.0144,0.0003,0.047400000000000005
1944-09-01,0.0002,0.0048,-0.012,0.0002,-0.011699999999999999
1944-10-01,0.0016,-0.0016,-0.0036,0.0003,-0.0132
1944-11-01,0.0171,0.0034999999999999996,0.023799999999999998,0.0003,0.013600000000000001
1944-12-01,0.0404,0.0223,0.0587,0.0002,0.0335
1945-01-01,0.020099999999999996,0.0245,0.0068000000000000005,0.0003,0.0003
1945-02-01,0.0623,0.016200000000000003,0.0443,0.0002,0.032
1945-03-01,-0.0391,-0.0166,-0.015700000000000002,0.0002,-0.030699999999999998
1945-04-01,0.078,0.0048,0.0311,0.0003,0.0471
1945-05-01,0.0174,0.015300000000000001,0.0034000000000000002,0.0003,0.0015
1945-06-01,0.0039000000000000003,0.031400000000000004,0.042699999999999995,0.0002,0.0415
1945-07-01,-0.0217,-0.014499999999999999,-0.0273,0.0003,-0.0268
1945-08-01,0.0622,0.016,-0.044000000000000004,0.0003,-0.013000000000000001
1945-09-01,0.04769999999999999,0.0174,0.0046,0.0003,0.0139
1945-10-01,0.038900000000000004,0.0236,0.021400000000000002,0.0003,0.0017000000000000001
1945-11-01,0.054000000000000006,0.0418,0.0435,0.0002,0.0431
1945-12-01,0.011899999999999999,0.0216,-0.024,0.0003,0.0125
1946-01-01,0.062400000000000004,0.0398,0.022799999999999997,0.0003,0.0377
1946-02-01,-0.0584,-0.0068000000000000005,-0.0127,0.0003,-0.0143
1946-03-01,0.0588,0.003,-0.0037,0.0003,0.027000000000000003
1946-04-01,0.042300000000000004,0.023700000000000002,0.0046,0.0003,0.0304
1946-05-01,0.0394,0.0148,0.011000000000000001,0.0003,-0.0058
1946-06-01,-0.038900000000000004,-0.0155,-0.0053,0.0003,-0.025099999999999997
1946-07-01,-0.0269,-0.0191,0.0005,0.0003,0.0022
1946-08-01,-0.0646,-0.018000000000000002,0.006,0.0003,-0.0005
1946-09-01,-0.1018,-0.0443,-0.0197,0.0003,0.006999999999999999
1946-10-01,-0.0144,0.0017000000000000001,0.0345,0.0003,0.0091
1946-11-01,-0.0002,-0.0037,0.015300000000000001,0.0003,0.0028000000000000004
1946-12-01,0.049699999999999994,0.0,-0.0141,0.0003,0.0009
1947-01-01,0.0125,0.022000000000000002,-0.0074,0.0003,-0.0632
1947-02-01,-0.0109,0.006999999999999999,0.0014000000000000002,0.0003,-0.0049
1947-03-01,-0.0168,-0.016,0.0060999999999999995,0.0003,0.040999999999999995
1947-04-01,-0.048,-0.0397,0.0085,0.0003,0.0541
1947-05-01,-0.0096,-0.0327,0.0032,0.0003,0.0337
1947-06-01,0.053,-0.0033,-0.0064,0.0003,-0.0184
1947-07-01,0.041299999999999996,0.0147,0.0276,0.0003,-0.0338
1947-08-01,-0.0174,0.0033,0.0014000000000000002,0.0003,0.034
1947-09-01,-0.0054,0.016200000000000003,0.013600000000000001,0.0006,0.001
1947-10-01,0.024700000000000003,0.0052,0.0011,0.0006,0.015600000000000001
1947-11-01,-0.0199,-0.0169,0.010700000000000001,0.0006,0.0426
1947-12-01,0.0301,-0.024700000000000003,0.0374,0.0008,0.0362
1948-01-01,-0.0393,0.0252,0.0138,0.0007000000000000001,-0.04190000000000001
1948-02-01,-0.0438,-0.017,0.0005,0.0007000000000000001,0.0141
1948-03-01,0.08109999999999999,0.0012,0.0452,0.0009,-0.0034000000000000002
1948-04-01,0.0365,-0.016399999999999998,0.0412,0.0008,0.040999999999999995
1948-05-01,0.0732,0.0087,-0.0127,0.0008,0.0233
1948-06-01,-0.0011,-0.0178,0.028399999999999998,0.0009,0.0398
1948-07-01,-0.0508,-0.0038,0.0011,0.0008,-0.0161
1948-08-01,0.0024,-0.0113,0.0029,0.0009,0.002
1948-09-01,-0.029900000000000003,-0.0127,-0.0177,0.0004,-0.013600000000000001
1948-10-01,0.0596,-0.0148,0.0058,0.0004,0.0273
1948-11-01,-0.0934,-0.0060999999999999995,-0.0415,0.0004,0.0058
1948-12-01,0.0326,-0.0285,-0.0195,0.0004,0.0466
1949-01-01,0.0023,0.0171,0.0125,0.001,-0.0292
1949-02-01,-0.029300000000000003,-0.0187,-0.0089,0.0009,-0.0043
1949-03-01,0.0405,0.0248,0.0131,0.001,-0.008100000000000001
1949-04-01,-0.0187,-0.0092,-0.011200000000000002,0.0009,0.0313
1949-05-01,-0.0298,-0.0078000000000000005,-0.0239,0.001,0.030600000000000002
1949-06-01,0.001,-0.0086,-0.0165,0.001,-0.0129
1949-07-01,0.0554,0.0055000000000000005,0.0039000000000000003,0.0009,-0.0147
1949-08-01,0.0259,0.0014000000000000002,-0.0059,0.0009,0.0158
1949-09-01,0.030899999999999997,0.0105,0.0023,0.0009,-0.0132
1949-10-01,0.031400000000000004,0.0103,-0.0049,0.0009,0.0002
1949-11-01,0.0181,-0.009399999999999999,-0.009000000000000001,0.0008,0.012199999999999999
1949-12-01,0.051399999999999994,0.0208,0.0173,0.0009,-0.008199999999999999
1950-01-01,0.017,0.0334,0.0015,0.0009,-0.0236
1950-02-01,0.0148,0.0002,-0.0079,0.0009,0.0138
1950-03-01,0.0126,-0.0143,-0.0278,0.001,0.0146
1950-04-01,0.0394,0.02,0.013300000000000001,0.0009,0.0027
1950-05-01,0.0432,-0.0213,0.004699999999999999,0.001,0.0029
1950-06-01,-0.0596,-0.0241,-0.0079,0.001,-0.0158
1950-07-01,0.0137,0.0054,0.1369,0.001,-0.0052
1950-08-01,0.048600000000000004,0.0074,-0.0137,0.001,0.032
1950-09-01,0.0482,0.0059,-0.011000000000000001,0.001,-0.002
1950-10-01,-0.0019,-0.0066,0.013600000000000001,0.0012,0.0151
1950-11-01,0.0274,-0.0089,0.0319,0.0011,0.0352
1950-12-01,0.0557,0.015300000000000001,0.0727,0.0011,0.0495
1951-01-01,0.057,0.0167,0.0379,0.0013,0.0232
1951-02-01,0.013999999999999999,0.0014000000000000002,-0.0279,0.001,-0.0195
1951-03-01,-0.0216,-0.0066,-0.0426,0.0011,-0.029300000000000003
1951-04-01,0.048600000000000004,-0.0148,0.0326,0.0013,0.059800000000000006
1951-05-01,-0.0236,-0.0008,-0.014199999999999999,0.0012,-0.0096
1951-06-01,-0.0263,-0.0196,-0.0398,0.0012,-0.0245
1951-07-01,0.0695,-0.020499999999999997,0.02,0.0013,0.0718
1951-08-01,0.0429,0.0095,-0.0017000000000000001,0.0013,0.0063
1951-09-01,0.006999999999999999,0.018600000000000002,0.0062,0.0012,0.005699999999999999
1951-10-01,-0.0253,-0.0023,0.0018,0.0016,-0.0021
1951-11-01,0.0058,-0.0033,-0.0008,0.0011,0.004699999999999999
1951-12-01,0.0333,-0.022400000000000003,-0.0155,0.0012,0.0175
1952-01-01,0.014499999999999999,-0.006500000000000001,0.0148,0.0015,0.0137
1952-02-01,-0.0264,0.0085,-0.0062,0.0012,-0.0068000000000000005
1952-03-01,0.0444,-0.0297,0.0223,0.0011,0.0165
1952-04-01,-0.049699999999999994,0.0049,-0.0003,0.0012,-0.020099999999999996
1952-05-01,0.032,-0.01,0.0002,0.0013,0.005600000000000001
1952-06-01,0.0384,-0.0163,0.0124,0.0015,0.0149
1952-07-01,0.0091,-0.0040999999999999995,-0.0032,0.0015,-0.0055000000000000005
1952-08-01,-0.0077,0.0115,0.0009,0.0015,0.0034000000000000002
1952-09-01,-0.0204,0.0109,-0.014199999999999999,0.0016,0.0173
1952-10-01,-0.0066,-0.0103,-0.0055000000000000005,0.0014000000000000002,0.0273
1952-11-01,0.0596,-0.0072,0.0102,0.001,0.0036
1952-12-01,0.029300000000000003,-0.0151,0.0019,0.0016,0.0154
1953-01-01,-0.0034000000000000002,0.0354,0.0128,0.0016,0.0074
1953-02-01,-0.0027,0.0222,-0.0005,0.0014000000000000002,0.008
1953-03-01,-0.0144,-0.0021,-0.0084,0.0018,0.0014000000000000002
1953-04-01,-0.028300000000000002,0.0026,0.0155,0.0016,0.0184
1953-05-01,0.0051,-0.0005,0.0025,0.0017000000000000001,0.0091
1953-06-01,-0.0189,-0.0189,-0.005,0.0018,0.0
1953-07-01,0.024,-0.0104,-0.0025,0.0015,-0.0037
1953-08-01,-0.045599999999999995,0.0037,-0.0352,0.0017000000000000001,0.0212
1953-09-01,0.0021,-0.0085,-0.024399999999999998,0.0016,0.028999999999999998
1953-10-01,0.046,-0.013600000000000001,-0.0019,0.0013,0.0025
1953-11-01,0.028399999999999998,-0.013000000000000001,-0.0015,0.0008,0.0196
1953-12-01,0.0002,-0.0085,-0.028300000000000002,0.0013,0.0521
1954-01-01,0.0513,0.005,0.0345,0.0011,-0.0584
1954-02-01,0.0167,-0.0018,-0.0027,0.0007000000000000001,0.0104
1954-03-01,0.0366,-0.005,-0.014499999999999999,0.0008,0.0213
1954-04-01,0.042699999999999995,-0.0347,-0.0037,0.0009,0.0508
1954-05-01,0.031,0.0039000000000000003,0.0245,0.0005,-0.0202
1954-06-01,0.0108,0.0038,0.0002,0.0006,0.0355
1954-07-01,0.05,0.0105,0.0414,0.0005,0.0043
1954-08-01,-0.0235,0.0268,-0.014199999999999999,0.0005,-0.0067
1954-09-01,0.064,-0.0256,0.0068000000000000005,0.0009,0.0166
1954-10-01,-0.0167,0.0060999999999999995,0.0064,0.0007000000000000001,0.0092
1954-11-01,0.0941,-0.0265,0.044500000000000005,0.0006,0.0187
1954-12-01,0.054900000000000004,0.0218,0.056799999999999996,0.0008,-0.013999999999999999
1955-01-01,0.006,0.0024,0.021,0.0008,0.0147
1955-02-01,0.0302,0.0155,0.0060999999999999995,0.0009,0.0104
1955-03-01,-0.0015,-0.006500000000000001,0.019299999999999998,0.001,0.0096
1955-04-01,0.0311,-0.0175,0.0075,0.001,-0.0001
1955-05-01,0.009399999999999999,-0.0025,-0.0096,0.0014000000000000002,0.0060999999999999995
1955-06-01,0.0655,-0.0461,0.018500000000000003,0.001,0.0472
1955-07-01,0.0189,-0.012,0.0039000000000000003,0.001,-0.012199999999999999
1955-08-01,0.0022,-0.0046,0.0075,0.0016,0.0176
1955-09-01,-0.0037,0.003,-0.0101,0.0016,0.0183
1955-10-01,-0.026699999999999998,0.0146,-0.0011,0.0018,-0.0052
1955-11-01,0.0704,-0.022000000000000002,0.0033,0.0017000000000000001,0.025699999999999997
1955-12-01,0.0149,0.019799999999999998,-0.021099999999999997,0.0018,-0.0126
1956-01-01,-0.030299999999999997,0.005,0.008199999999999999,0.0022,-0.0148
1956-02-01,0.0378,-0.0097,-0.0046,0.0019,0.020099999999999996
1956-03-01,0.0664,-0.0213,-0.0049,0.0015,0.0352
1956-04-01,0.0028000000000000004,-0.0003,-0.0016,0.0019,0.026699999999999998
1956-05-01,-0.052199999999999996,0.015,-0.0132,0.0023,-0.016
1956-06-01,0.0347,-0.015300000000000001,-0.011000000000000001,0.002,0.026699999999999998
1956-07-01,0.0484,-0.0169,-0.0007000000000000001,0.0022,0.0253
1956-08-01,-0.0319,0.0189,-0.0073,0.0017000000000000001,-0.0070999999999999995
1956-09-01,-0.051399999999999994,0.016,0.0175,0.0018,-0.0077
1956-10-01,0.0052,-0.0012,-0.0007000000000000001,0.0025,0.024
1956-11-01,0.0034999999999999996,-0.0021,0.0176,0.002,0.0342
1956-12-01,0.0316,-0.0002,-0.0215,0.0024,0.0379
1957-01-01,-0.035699999999999996,0.0338,0.028300000000000002,0.0027,-0.030600000000000002
1957-02-01,-0.0207,-0.0075,-0.0066,0.0024,0.0036
1957-03-01,0.0213,0.0033,-0.0053,0.0023,-0.0024
1957-04-01,0.0426,-0.015700000000000002,-0.0147,0.0025,0.0101
1957-05-01,0.0346,-0.0108,-0.020099999999999996,0.0026,0.0018
1957-06-01,-0.0075,0.0059,-0.0003,0.0024,0.0072
1957-07-01,0.0066,-0.008,0.0048,0.003,-0.0007000000000000001
1957-08-01,-0.0512,0.0006,-0.0045000000000000005,0.0025,0.0045000000000000005
1957-09-01,-0.0599,0.0006,0.0095,0.0026,0.006
1957-10-01,-0.0432,-0.0246,-0.018799999999999997,0.0029,0.0203
1957-11-01,0.0231,0.004,-0.0291,0.0028000000000000004,0.0127
1957-12-01,-0.039,-0.0091,-0.0176,0.0024,0.0781
1958-01-01,0.04650000000000001,0.0429,0.0434,0.0028000000000000004,-0.07719999999999999
1958-02-01,-0.015300000000000001,0.0075,0.0023,0.0012,0.037200000000000004
1958-03-01,0.0327,0.0069,-0.0103,0.0009,-0.0165
1958-04-01,0.030899999999999997,-0.0069,0.016399999999999998,0.0008,0.019
1958-05-01,0.0232,0.0216,-0.002,0.0011,-0.0174
1958-06-01,0.029300000000000003,-0.0014000000000000002,0.0031,0.0003,-0.0089
1958-07-01,0.043899999999999995,0.004699999999999999,0.030699999999999998,0.0007000000000000001,-0.0356
1958-08-01,0.019,0.0115,0.0033,0.0004,0.0014000000000000002
1958-09-01,0.0466,0.0008,0.027999999999999997,0.0019,-0.011200000000000002
1958-10-01,0.0253,0.0105,-0.0113,0.0018,0.0311
1958-11-01,0.0301,0.020499999999999997,-0.011699999999999999,0.0011,0.015300000000000001
1958-12-01,0.0516,-0.0202,0.0006,0.0022,-0.0070999999999999995
1959-01-01,0.0070999999999999995,0.0302,0.0292,0.0021,-0.0029
1959-02-01,0.0095,0.0148,0.0115,0.0019,0.034
1959-03-01,0.0028000000000000004,0.014499999999999999,-0.0034000000000000002,0.0022,0.0022
1959-04-01,0.0366,-0.0068000000000000005,-0.0124,0.002,0.0316
1959-05-01,0.0173,-0.021,0.018000000000000002,0.0022,0.015
1959-06-01,-0.0024,0.0067,0.0132,0.0024,0.031400000000000004
1959-07-01,0.0318,-0.0034999999999999996,0.0027,0.0025,-0.0034999999999999996
1959-08-01,-0.0138,-0.0078000000000000005,0.0044,0.0019,-0.01
1959-09-01,-0.0481,-0.0015,0.0053,0.0031,0.0078000000000000005
1959-10-01,0.0128,0.0152,-0.021,0.003,0.034300000000000004
1959-11-01,0.016,0.0126,-0.0322,0.0026,0.0229
1959-12-01,0.0246,-0.0063,-0.0001,0.0034000000000000002,0.0103
1960-01-01,-0.0698,0.0212,0.0265,0.0033,-0.0351
1960-02-01,0.0116,0.006,-0.0197,0.0029,0.04
1960-03-01,-0.0163,-0.0055000000000000005,-0.0275,0.0034999999999999996,0.0141
1960-04-01,-0.0171,0.0022,-0.021400000000000002,0.0019,0.028399999999999998
1960-05-01,0.031200000000000002,0.0129,-0.0373,0.0027,0.0479
1960-06-01,0.0208,-0.0028000000000000004,-0.0027,0.0024,0.0089
1960-07-01,-0.023700000000000002,-0.0052,0.021,0.0013,-0.006999999999999999
1960-08-01,0.03,0.0069,-0.0018,0.0017000000000000001,0.0151
1960-09-01,-0.06,-0.011200000000000002,0.0168,0.0016,0.0038
1960-10-01,-0.0070999999999999995,-0.0409,0.028300000000000002,0.0022,0.0126
1960-11-01,0.046900000000000004,0.0038,-0.0239,0.0013,0.0363
1960-12-01,0.0473,-0.0158,-0.0077,0.0016,0.013600000000000001
1961-01-01,0.062,0.006,0.0365,0.0019,-0.041299999999999996
1961-02-01,0.035699999999999996,0.038900000000000004,-0.0058,0.0014000000000000002,0.01
1961-03-01,0.028900000000000002,0.0322,-0.008199999999999999,0.002,0.0432
1961-04-01,0.0029,0.0007000000000000001,0.0213,0.0017000000000000001,0.0362
1961-05-01,0.024,0.0197,0.0038,0.0018,-0.015700000000000002
1961-06-01,-0.0308,-0.024900000000000002,-0.0009,0.002,0.003
1961-07-01,0.028300000000000002,-0.0194,-0.0008,0.0018,0.0022
1961-08-01,0.025699999999999997,-0.0171,-0.003,0.0014000000000000002,0.016399999999999998
1961-09-01,-0.0215,-0.010700000000000001,-0.0060999999999999995,0.0017000000000000001,0.0079
1961-10-01,0.0258,-0.0161,0.0018,0.0019,0.030699999999999998
1961-11-01,0.044500000000000005,0.0126,-0.012199999999999999,0.0015,0.013500000000000002
1961-12-01,-0.0017000000000000001,-0.0087,0.0176,0.0019,-0.0218
1962-01-01,-0.0387,0.0174,0.051100000000000007,0.0024,-0.0204
1962-02-01,0.0181,-0.0115,0.008199999999999999,0.002,-0.01
1962-03-01,-0.0068000000000000005,0.0066,-0.0158,0.002,0.0189
1962-04-01,-0.0659,-0.0085,0.0014000000000000002,0.0022,0.0294
1962-05-01,-0.0866,-0.031400000000000004,0.0273,0.0024,0.004699999999999999
1962-06-01,-0.085,-0.0046,0.0242,0.002,0.064
1962-07-01,0.06269999999999999,0.0152,-0.0337,0.0027,0.005
1962-08-01,0.0213,0.012199999999999999,-0.011200000000000002,0.0023,-0.005600000000000001
1962-09-01,-0.052199999999999996,-0.024,0.013300000000000001,0.0021,0.039599999999999996
1962-10-01,-0.0005,-0.0395,0.013000000000000001,0.0026,0.0079
1962-11-01,0.10890000000000001,0.025,0.0085,0.002,-0.0721
1962-12-01,0.0101,-0.037599999999999995,0.0032,0.0023,0.059000000000000004
1963-01-01,0.049400000000000006,0.0301,0.022400000000000003,0.0025,-0.0213
1963-02-01,-0.024,0.0046,0.0215,0.0023,0.0252
1963-03-01,0.0308,-0.0258,0.021,0.0023,0.0158
1963-04-01,0.0451,-0.0126,0.01,0.0025,-0.001
1963-05-01,0.0176,0.0108,0.0255,0.0024,0.0029
1963-06-01,-0.02,-0.0032,0.006500000000000001,0.0023,0.0116
1963-07-01,-0.0039000000000000003,-0.005699999999999999,-0.008100000000000001,0.0027,0.0101
1963-08-01,0.0508,-0.0095,0.017,0.0025,0.01
1963-09-01,-0.015700000000000002,-0.0025,0.0,0.0027,0.0015
1963-10-01,0.0254,-0.005699999999999999,-0.0004,0.0029,0.0313
1963-11-01,-0.0086,-0.0116,0.0173,0.0027,-0.0078000000000000005
1963-12-01,0.0183,-0.0196,-0.0021,0.0029,0.0184
1964-01-01,0.022400000000000003,-0.0024,0.0163,0.003,0.0102
1964-02-01,0.0155,0.0012,0.0281,0.0026,0.0033
1964-03-01,0.0141,0.0095,0.0329,0.0031,0.0075
1964-04-01,0.001,-0.013500000000000002,-0.0054,0.0029,-0.0064
1964-05-01,0.0141,-0.0084,0.0181,0.0026,0.0253
1964-06-01,0.0127,-0.0023,0.0068000000000000005,0.003,0.004699999999999999
1964-07-01,0.0174,0.0019,0.0079,0.003,-0.0037
1964-08-01,-0.0144,0.0001,0.0007000000000000001,0.0028000000000000004,-0.0025
1964-09-01,0.0269,-0.0063,0.0172,0.0028000000000000004,-0.0039000000000000003
1964-10-01,0.006,0.0048,0.0108,0.0029,0.0019
1964-11-01,-0.0001,0.0062,-0.0204,0.0029,0.011000000000000001
1964-12-01,0.0004,-0.0024,-0.024300000000000002,0.0031,-0.006999999999999999
1965-01-01,0.0354,0.025699999999999997,0.0036,0.0028000000000000004,-0.0138
1965-02-01,0.0044,0.0331,0.0022,0.003,0.0024
1965-03-01,-0.0134,0.0179,0.0115,0.0036,0.0017000000000000001
1965-04-01,0.0311,0.011399999999999999,0.0073,0.0031,0.0253
1965-05-01,-0.0078000000000000005,0.0002,-0.0155,0.0031,0.005600000000000001
1965-06-01,-0.055099999999999996,-0.0407,0.0023,0.0034999999999999996,-0.0318
1965-07-01,0.0144,0.0086,0.0219,0.0031,0.0409
1965-08-01,0.0273,0.0285,-0.0098,0.0033,0.025699999999999997
1965-09-01,0.0286,0.0063,-0.0014000000000000002,0.0031,0.0329
1965-10-01,0.026000000000000002,0.0252,0.0155,0.0031,0.0345
1965-11-01,-0.0003,0.046900000000000004,0.0016,0.0034999999999999996,0.044000000000000004
1965-12-01,0.0101,0.0207,0.0215,0.0033,-0.001
1966-01-01,0.0072,0.04019999999999999,0.0327,0.0038,0.0528
1966-02-01,-0.0121,0.0444,0.0038,0.0034999999999999996,0.045899999999999996
1966-03-01,-0.025099999999999997,0.0086,-0.0213,0.0038,0.0146
1966-04-01,0.0213,0.0344,-0.0036,0.0034000000000000002,0.0588
1966-05-01,-0.0567,-0.046,-0.016,0.0040999999999999995,-0.0471
1966-06-01,-0.0144,0.0102,0.0049,0.0038,0.0323
1966-07-01,-0.0163,-0.0034999999999999996,0.0091,0.0034999999999999996,-0.013000000000000001
1966-08-01,-0.0794,-0.0326,0.005,0.0040999999999999995,-0.022099999999999998
1966-09-01,-0.0106,-0.0101,0.0048,0.004,-0.0187
1966-10-01,0.038599999999999995,-0.066,0.0274,0.0045000000000000005,-0.052000000000000005
1966-11-01,0.0138,0.0407,-0.0463,0.004,0.0574
1966-12-01,0.0013,0.019299999999999998,-0.0095,0.004,0.009899999999999999
1967-01-01,0.0815,0.081,0.0236,0.0043,-0.07
1967-02-01,0.0077,0.0332,-0.0226,0.0036,0.0351
1967-03-01,0.039900000000000005,0.0147,0.004699999999999999,0.0039000000000000003,0.0139
1967-04-01,0.038900000000000004,0.004699999999999999,-0.0229,0.0032,0.0052
1967-05-01,-0.0432,0.021099999999999997,0.008,0.0033,0.006500000000000001
1967-06-01,0.0242,0.058499999999999996,0.008,0.0027,0.0601
1967-07-01,0.0458,0.0317,0.0275,0.0032,-0.011000000000000001
1967-08-01,-0.009000000000000001,0.0043,0.0143,0.0031,-0.0132
1967-09-01,0.031,0.0304,-0.024700000000000003,0.0032,0.0239
1967-10-01,-0.0308,0.0147,-0.0329,0.0039000000000000003,0.0368
1967-11-01,0.0037,0.0018,-0.0171,0.0036,0.012199999999999999
1967-12-01,0.0305,0.0562,-0.0054,0.0033,0.032
1968-01-01,-0.0403,0.039900000000000005,0.048499999999999995,0.004,-0.044500000000000005
1968-02-01,-0.0374,-0.0294,0.0123,0.0039000000000000003,-0.0334
1968-03-01,0.0021,-0.013000000000000001,-0.0063,0.0038,0.0319
1968-04-01,0.0902,0.056600000000000004,-0.011000000000000001,0.0043,0.051100000000000007
1968-05-01,0.022799999999999997,0.0629,0.008199999999999999,0.0045000000000000005,0.0375
1968-06-01,0.006999999999999999,-0.0019,0.0066,0.0043,-0.0209
1968-07-01,-0.0269,-0.0128,0.053099999999999994,0.0048,-0.0089
1968-08-01,0.013500000000000002,0.0242,0.009899999999999999,0.0042,0.019
1968-09-01,0.0405,0.0274,0.003,0.0043,-0.0064
1968-10-01,0.0043,-0.005,0.0282,0.0044,-0.0146
1968-11-01,0.054299999999999994,0.023399999999999997,-0.0096,0.0042,0.0174
1968-12-01,-0.0393,0.0336,0.0004,0.0043,0.0034000000000000002
1969-01-01,-0.0125,-0.0063,0.0166,0.0053,-0.0014000000000000002
1969-02-01,-0.058600000000000006,-0.039599999999999996,0.0089,0.0046,-0.0252
1969-03-01,0.026600000000000002,-0.003,-0.0042,0.0046,0.0406
1969-04-01,0.0146,-0.008100000000000001,0.0002,0.0053,0.0124
1969-05-01,-0.0009,-0.0032,0.0062,0.0048,0.0177
1969-06-01,-0.0719,-0.053399999999999996,-0.011000000000000001,0.0051,-0.0231
1969-07-01,-0.07,-0.032400000000000005,0.0118,0.0053,0.0181
1969-08-01,0.046900000000000004,0.008100000000000001,-0.0375,0.005,0.021400000000000002
1969-09-01,-0.0297,0.0123,-0.0322,0.0062,0.024300000000000002
1969-10-01,0.0506,0.0392,-0.031200000000000002,0.006,-0.0436
1969-11-01,-0.038,-0.0255,-0.0125,0.0052,0.036699999999999997
1969-12-01,-0.0263,-0.0368,-0.0288,0.0064,0.0527
1970-01-01,-0.081,0.0291,0.0317,0.006,0.0058
1970-02-01,0.051399999999999994,-0.0239,0.0369,0.0062,0.0027
1970-03-01,-0.0106,-0.0231,0.0408,0.005699999999999999,-0.0037
1970-04-01,-0.1099,-0.061399999999999996,0.061399999999999996,0.005,-0.0083
1970-05-01,-0.069,-0.0461,0.0332,0.0053,-0.026600000000000002
1970-06-01,-0.057999999999999996,-0.0208,0.0044,0.0058,0.056299999999999996
1970-07-01,0.0692,-0.0055000000000000005,0.009300000000000001,0.0052,-0.031200000000000002
1970-08-01,0.045,0.0148,0.0141,0.0053,-0.0668
1970-09-01,0.0418,0.0861,-0.0541,0.0054,-0.0864
1970-10-01,-0.0227,-0.0417,0.0021,0.0046,0.0946
1970-11-01,0.0462,-0.0397,0.0158,0.0046,0.026000000000000002
1970-12-01,0.0574,0.0282,0.0104,0.0042,-0.023
1971-01-01,0.0483,0.0728,0.0155,0.0038,-0.06860000000000001
1971-02-01,0.0141,0.018600000000000002,-0.0124,0.0033,0.0083
1971-03-01,0.0412,0.026000000000000002,-0.0395,0.003,-0.0139
1971-04-01,0.0315,-0.0049,0.0086,0.0028000000000000004,0.0134
1971-05-01,-0.039900000000000005,-0.0104,-0.013300000000000001,0.0029,0.009399999999999999
1971-06-01,-0.0009,-0.015300000000000001,-0.0197,0.0037,0.0268
1971-07-01,-0.0449,-0.0151,-0.0002,0.004,-0.0232
1971-08-01,0.0379,-0.0022,0.0264,0.004699999999999999,0.0344
1971-09-01,-0.0086,0.005,-0.028999999999999998,0.0037,0.021
1971-10-01,-0.044199999999999996,-0.0175,-0.0051,0.0037,0.005
1971-11-01,-0.0046,-0.0277,-0.0167,0.0037,0.0151
1971-12-01,0.08710000000000001,0.0329,-0.0038,0.0037,-0.0062
1972-01-01,0.024700000000000003,0.0584,0.0212,0.0029,0.0007000000000000001
1972-02-01,0.0287,0.0132,-0.028300000000000002,0.0025,0.0253
1972-03-01,0.0062,-0.0029,-0.0161,0.0027,0.0294
1972-04-01,0.0029,0.0016,0.0003,0.0029,0.0279
1972-05-01,0.0129,-0.0271,-0.027200000000000002,0.003,0.0333
1972-06-01,-0.024300000000000002,0.0028000000000000004,-0.0246,0.0029,0.019
1972-07-01,-0.008,-0.028999999999999998,0.006,0.0031,0.0268
1972-08-01,0.0327,-0.039900000000000005,0.045599999999999995,0.0029,-0.0536
1972-09-01,-0.011399999999999999,-0.026600000000000002,0.0049,0.0034000000000000002,0.0182
1972-10-01,0.0052,-0.0273,0.012199999999999999,0.004,0.006999999999999999
1972-11-01,0.046,-0.0118,0.048799999999999996,0.0037,-0.0508
1972-12-01,0.0062,-0.0195,-0.0218,0.0037,0.0495
1973-01-01,-0.0327,-0.0349,0.027000000000000003,0.0044,0.0381
1973-02-01,-0.048499999999999995,-0.038900000000000004,0.016399999999999998,0.0042,0.0222
1973-03-01,-0.013000000000000001,-0.0278,0.025699999999999997,0.0046,0.0355
1973-04-01,-0.056799999999999996,-0.0384,0.053899999999999997,0.0052,0.0635
1973-05-01,-0.0297,-0.06269999999999999,0.0038,0.0051,0.0719
1973-06-01,-0.015700000000000002,-0.028399999999999998,0.011399999999999999,0.0051,0.0431
1973-07-01,0.0504,0.07919999999999999,-0.0526,0.0064,-0.1167
1973-08-01,-0.0382,-0.02,0.0103,0.006999999999999999,0.0359
1973-09-01,0.047400000000000005,0.029300000000000003,0.0222,0.0068000000000000005,-0.0698
1973-10-01,-0.0083,-0.0021,0.0166,0.006500000000000001,0.0678
1973-11-01,-0.1278,-0.07719999999999999,0.0409,0.005600000000000001,0.0892
1973-12-01,0.0059,-0.054000000000000006,0.0401,0.0064,0.1016
1974-01-01,-0.0016,0.0968,0.059500000000000004,0.0063,-0.0892
1974-02-01,-0.0046,0.0,0.024700000000000003,0.0058,0.0037
1974-03-01,-0.0282,0.025,-0.0014000000000000002,0.005600000000000001,-0.01
1974-04-01,-0.0528,-0.0068000000000000005,0.0092,0.0075,0.0206
1974-05-01,-0.047,-0.029300000000000003,-0.0208,0.0075,-0.0029
1974-06-01,-0.028399999999999998,-0.0024,0.0083,0.006,0.0232
1974-07-01,-0.0806,0.0078000000000000005,0.0516,0.006999999999999999,0.03
1974-08-01,-0.09390000000000001,-0.0069,0.026099999999999998,0.006,0.030299999999999997
1974-09-01,-0.11789999999999999,0.0027,0.054299999999999994,0.008100000000000001,0.0424
1974-10-01,0.1611,-0.034300000000000004,-0.09910000000000001,0.0051,-0.0052
1974-11-01,-0.0453,-0.011699999999999999,-0.0025,0.0054,0.022000000000000002
1974-12-01,-0.0344,-0.047400000000000005,0.0012,0.006999999999999999,0.0298
1975-01-01,0.1367,0.1106,0.08259999999999999,0.0058,-0.138
1975-02-01,0.0556,0.0012,-0.0447,0.0043,-0.0058
1975-03-01,0.026600000000000002,0.0375,0.0242,0.0040999999999999995,-0.0207
1975-04-01,0.042199999999999994,-0.0064,-0.0113,0.0044,0.0152
1975-05-01,0.052000000000000005,0.0393,-0.0405,0.0044,-0.0058
1975-06-01,0.0487,0.008100000000000001,0.013500000000000002,0.0040999999999999995,-0.0004
1975-07-01,-0.066,0.026600000000000002,0.0176,0.0048,0.0034999999999999996
1975-08-01,-0.028399999999999998,-0.0317,-0.0091,0.0048,-0.0016
1975-09-01,-0.0426,-0.0016,0.0033,0.0053,0.004
1975-10-01,0.053200000000000004,-0.0408,0.0034999999999999996,0.005600000000000001,-0.0022
1975-11-01,0.0265,-0.012199999999999999,0.0203,0.0040999999999999995,-0.005
1975-12-01,-0.016,-0.0087,0.017,0.0048,-0.001
1976-01-01,0.1215,0.0487,0.0863,0.004699999999999999,0.0437
1976-02-01,0.0031,0.0697,0.0571,0.0034000000000000002,0.0038
1976-03-01,0.0232,-0.011699999999999999,-0.0011,0.004,0.0023
1976-04-01,-0.0149,-0.0008,-0.0016,0.0042,0.0053
1976-05-01,-0.0134,-0.011899999999999999,-0.0129,0.0037,-0.010700000000000001
1976-06-01,0.0406,-0.0132,0.0073,0.0043,-0.0044
1976-07-01,-0.0106,0.0028000000000000004,0.0174,0.004699999999999999,-0.0015
1976-08-01,-0.005699999999999999,-0.020499999999999997,0.0079,0.0042,-0.0078000000000000005
1976-09-01,0.0206,0.0008,-0.0031,0.0044,0.002
1976-10-01,-0.0242,0.0014000000000000002,-0.0017000000000000001,0.0040999999999999995,-0.0042
1976-11-01,0.0036,0.023399999999999997,0.015300000000000001,0.004,0.0281
1976-12-01,0.0565,0.030299999999999997,0.0223,0.004,0.0073
1977-01-01,-0.0403,0.0475,0.0432,0.0036,0.0404
1977-02-01,-0.0194,0.0103,0.0045000000000000005,0.0034999999999999996,0.0034000000000000002
1977-03-01,-0.013500000000000002,0.009899999999999999,0.0109,0.0038,0.0068000000000000005
1977-04-01,0.0015,-0.0013,0.0338,0.0038,0.04190000000000001
1977-05-01,-0.0147,0.0125,0.008100000000000001,0.0037,0.020099999999999996
1977-06-01,0.0472,0.0207,-0.0062,0.004,0.016
1977-07-01,-0.0169,0.0209,-0.006,0.0042,0.004
1977-08-01,-0.0176,0.0155,-0.0277,0.0044,-0.016399999999999998
1977-09-01,-0.0027,0.015,-0.0026,0.0043,0.0209
1977-10-01,-0.043899999999999995,0.011899999999999999,0.016200000000000003,0.0049,-0.0012
1977-11-01,0.04,0.0368,0.0023,0.005,0.021400000000000002
1977-12-01,0.0027,0.013600000000000001,-0.0029,0.0049,0.0159
1978-01-01,-0.06,0.022799999999999997,0.0338,0.0049,-0.0058
1978-02-01,-0.0139,0.0359,0.008100000000000001,0.0046,0.0196
1978-03-01,0.0285,0.0344,0.0115,0.0053,0.014499999999999999
1978-04-01,0.0787,0.0036,-0.0354,0.0054,0.0049
1978-05-01,0.0176,0.0453,-0.0055000000000000005,0.0051,0.0278
1978-06-01,-0.0169,0.0174,0.006,0.0054,0.0279
1978-07-01,0.0512,0.0029,-0.01,0.005600000000000001,0.04190000000000001
1978-08-01,0.0378,0.0506,-0.0066,0.005600000000000001,0.0301
1978-09-01,-0.0144,-0.0049,0.018799999999999997,0.0062,-0.0319
1978-10-01,-0.11900000000000001,-0.0989,0.0126,0.0068000000000000005,-0.0842
1978-11-01,0.0271,0.030600000000000002,-0.0208,0.006999999999999999,0.0545
1978-12-01,0.0087,0.011899999999999999,-0.021400000000000002,0.0078000000000000005,0.0301
1979-01-01,0.042199999999999994,0.0355,0.0219,0.0077,-0.0143
1979-02-01,-0.0356,0.0044,0.011699999999999999,0.0073,-0.009899999999999999
1979-03-01,0.0567,0.032,-0.0068000000000000005,0.008100000000000001,0.0291
1979-04-01,-0.0007000000000000001,0.0217,0.011200000000000002,0.008,0.0087
1979-05-01,-0.022000000000000002,0.0021,0.0132,0.008199999999999999,-0.0055000000000000005
1979-06-01,0.0384,0.0113,0.014199999999999999,0.008100000000000001,0.0077
1979-07-01,0.0083,0.0128,0.0179,0.0077,-0.010700000000000001
1979-08-01,0.0554,0.019799999999999998,-0.0158,0.0077,-0.0029
1979-09-01,-0.0083,-0.0026,-0.009399999999999999,0.0083,0.0528
1979-10-01,-0.081,-0.0338,-0.0183,0.0087,0.0204
1979-11-01,0.052199999999999996,0.0281,-0.0321,0.009899999999999999,0.08039999999999999
1979-12-01,0.0178,0.041299999999999996,-0.0213,0.0095,0.0472
1980-01-01,0.055,0.016200000000000003,0.018500000000000003,0.008,0.0745
1980-02-01,-0.0123,-0.018600000000000002,0.0059,0.0089,0.0789
1980-03-01,-0.129,-0.067,-0.0096,0.0121,-0.0959
1980-04-01,0.0395,0.0105,0.0103,0.0126,-0.0049
1980-05-01,0.0526,0.020499999999999997,0.0038,0.008100000000000001,-0.0118
1980-06-01,0.0298,0.0166,-0.008,0.0060999999999999995,0.0158
1980-07-01,0.06509999999999999,0.040999999999999995,-0.0629,0.0053,0.003
1980-08-01,0.0175,0.039,-0.0246,0.0064,0.030600000000000002
1980-09-01,0.0219,0.0096,-0.0461,0.0075,0.054299999999999994
1980-10-01,0.0104,0.0239,-0.029300000000000003,0.0095,0.0713
1980-11-01,0.096,-0.0327,-0.08109999999999999,0.0096,0.1515
1980-12-01,-0.0446,-0.0028000000000000004,0.027999999999999997,0.0131,-0.0669
1981-01-01,-0.0506,0.0291,0.0674,0.0104,-0.0781
1981-02-01,0.0060999999999999995,-0.004699999999999999,0.0097,0.010700000000000001,-0.0137
1981-03-01,0.036699999999999997,0.0334,0.0060999999999999995,0.0121,0.008199999999999999
1981-04-01,-0.0216,0.045,0.022799999999999997,0.0108,-0.0108
1981-05-01,0.0013,0.0194,-0.0043,0.0115,0.0358
1981-06-01,-0.023399999999999997,-0.0083,0.051399999999999994,0.013500000000000002,-0.056900000000000006
1981-07-01,-0.0155,-0.0207,-0.0060999999999999995,0.0124,-0.024399999999999998
1981-08-01,-0.0702,-0.0195,0.0471,0.0128,-0.011000000000000001
1981-09-01,-0.0719,-0.0268,0.051100000000000007,0.0124,0.0213
1981-10-01,0.0492,0.0213,-0.0409,0.0121,0.0383
1981-11-01,0.034,-0.0109,0.0191,0.010700000000000001,-0.002
1981-12-01,-0.0363,0.0118,0.0079,0.0087,0.0127
1982-01-01,-0.0323,-0.0125,0.0319,0.008,0.0177
1982-02-01,-0.058600000000000006,0.0046,0.060899999999999996,0.0092,0.0487
1982-03-01,-0.0182,-0.0019,0.037599999999999995,0.0098,0.028999999999999998
1982-04-01,0.032400000000000005,0.016399999999999998,-0.0308,0.0113,-0.0046
1982-05-01,-0.0393,0.0017000000000000001,0.0178,0.0106,0.025099999999999997
1982-06-01,-0.0308,-0.0043,0.015600000000000001,0.0096,0.048799999999999996
1982-07-01,-0.032,0.0091,0.0007000000000000001,0.0105,0.0441
1982-08-01,0.11230000000000001,-0.042800000000000005,0.0109,0.0076,-0.0359
1982-09-01,0.0131,0.0287,0.0023,0.0051,0.041299999999999996
1982-10-01,0.113,0.023799999999999998,-0.0362,0.0059,0.0
1982-11-01,0.046799999999999994,0.0463,-0.018000000000000002,0.0063,0.0591
1982-12-01,0.005600000000000001,-0.0031,-0.0006,0.0067,-0.0002
1983-01-01,0.0359,0.0282,-0.0072,0.0069,-0.016399999999999998
1983-02-01,0.0259,0.0318,0.0066,0.0062,0.0369
1983-03-01,0.0281,0.0175,0.0206,0.0063,0.0088
1983-04-01,0.0666,0.0046,0.0043,0.0070999999999999995,0.016399999999999998
1983-05-01,0.0051,0.062,-0.013999999999999999,0.0069,-0.015700000000000002
1983-06-01,0.030699999999999998,0.009300000000000001,-0.038900000000000004,0.0067,0.018500000000000003
1983-07-01,-0.0406,0.015,0.0554,0.0074,-0.0308
1983-08-01,-0.005,-0.0429,0.0559,0.0076,-0.0538
1983-09-01,0.0092,0.0060999999999999995,0.009899999999999999,0.0076,-0.0001
1983-10-01,-0.034300000000000004,-0.0355,0.0496,0.0076,-0.0446
1983-11-01,0.0217,0.0202,-0.0073,0.006999999999999999,-0.0013
1983-12-01,-0.0177,-0.0025,0.0175,0.0073,0.008199999999999999
1984-01-01,-0.0192,-0.0034999999999999996,0.0748,0.0076,-0.025699999999999997
1984-02-01,-0.04769999999999999,-0.0168,0.0341,0.0070999999999999995,0.0045000000000000005
1984-03-01,0.006500000000000001,0.001,0.0053,0.0073,0.011000000000000001
1984-04-01,-0.0051,-0.0116,0.011899999999999999,0.008100000000000001,0.021400000000000002
1984-05-01,-0.059800000000000006,0.0007000000000000001,0.0026,0.0078000000000000005,0.0152
1984-06-01,0.0181,-0.0024,-0.0275,0.0075,-0.0055000000000000005
1984-07-01,-0.027200000000000002,-0.022000000000000002,0.0039000000000000003,0.008199999999999999,0.0278
1984-08-01,0.1027,-0.0027,-0.0174,0.0083,-0.056100000000000004
1984-09-01,-0.008,0.0015,0.0525,0.0086,0.0364
1984-10-01,-0.0084,-0.0111,0.0059,0.01,0.032799999999999996
1984-11-01,-0.0177,-0.0072,0.0387,0.0073,0.015700000000000002
1984-12-01,0.0184,-0.0066,-0.0029,0.0064,0.013999999999999999
1985-01-01,0.0797,0.0327,-0.0521,0.006500000000000001,-0.0677
1985-02-01,0.012199999999999999,0.0070999999999999995,-0.0024,0.0058,0.0191
1985-03-01,-0.0083,-0.010700000000000001,0.0401,0.0062,0.0179
1985-04-01,-0.0096,0.0009,0.036000000000000004,0.0072,0.029500000000000002
1985-05-01,0.0507,-0.023,-0.0098,0.0066,0.0405
1985-06-01,0.0127,0.0048,0.0038,0.0055000000000000005,0.0339
1985-07-01,-0.0072,0.028300000000000002,-0.016200000000000003,0.0062,-0.037000000000000005
1985-08-01,-0.0101,-0.003,0.023399999999999997,0.0055000000000000005,0.0178
1985-09-01,-0.0451,-0.016200000000000003,0.0121,0.006,0.016
1985-10-01,0.04,-0.015,0.0077,0.006500000000000001,0.048600000000000004
1985-11-01,0.0646,0.0019,-0.0291,0.0060999999999999995,-0.005699999999999999
1985-12-01,0.0388,-0.0053,-0.0146,0.006500000000000001,-0.0023
1986-01-01,0.006500000000000001,0.0115,0.0046,0.005600000000000001,0.029500000000000002
1986-02-01,0.07139999999999999,-0.005699999999999999,-0.0063,0.0053,0.0259
1986-03-01,0.049100000000000005,-0.0054,-0.0039000000000000003,0.006,0.0239
1986-04-01,-0.0128,0.0276,-0.0281,0.0052,-0.0034999999999999996
1986-05-01,0.0462,-0.013600000000000001,-0.0014000000000000002,0.0049,0.0206
1986-06-01,0.0106,-0.009300000000000001,0.012,0.0052,0.049400000000000006
1986-07-01,-0.0643,-0.034300000000000004,0.0466,0.0052,0.019
1986-08-01,0.060700000000000004,-0.0416,0.0354,0.0046,-0.0516
1986-09-01,-0.0859,0.024,0.0323,0.0045000000000000005,-0.056900000000000006
1986-10-01,0.0464,-0.0253,-0.014199999999999999,0.0046,0.0447
1986-11-01,0.011699999999999999,-0.0187,-0.0002,0.0039000000000000003,-0.0025
1986-12-01,-0.0326,0.0019,0.0036,0.0049,0.0046
1987-01-01,0.1245,-0.0189,-0.0318,0.0042,0.0206
1987-02-01,0.0438,0.0345,-0.058600000000000006,0.0043,-0.0222
1987-03-01,0.0163,0.005,0.0166,0.004699999999999999,0.0167
1987-04-01,-0.0209,-0.0172,-0.0036,0.0044,0.0022
1987-05-01,0.0011,-0.0053,0.0022,0.0038,-0.0077
1987-06-01,0.0391,-0.0203,0.0113,0.0048,-0.0022
1987-07-01,0.0384,-0.005699999999999999,0.009399999999999999,0.0046,0.025699999999999997
1987-08-01,0.0352,-0.0085,-0.0098,0.004699999999999999,-0.0095
1987-09-01,-0.0258,0.0058,0.0026,0.0045000000000000005,0.008100000000000001
1987-10-01,-0.23190000000000002,-0.0827,0.0418,0.006,-0.07719999999999999
1987-11-01,-0.0776,0.0268,0.031400000000000004,0.0034999999999999996,-0.0123
1987-12-01,0.0682,0.0003,-0.044199999999999996,0.0039000000000000003,0.0587
1988-01-01,0.0421,-0.0075,0.0493,0.0029,-0.0736
1988-02-01,0.04769999999999999,0.0333,-0.015300000000000001,0.0046,-0.0147
1988-03-01,-0.0226,0.0601,0.0086,0.0044,0.0060999999999999995
1988-04-01,0.005699999999999999,0.0091,0.0151,0.0046,0.022000000000000002
1988-05-01,-0.0027,-0.0254,0.024399999999999998,0.0051,0.0063
1988-06-01,0.0478,0.0202,-0.013500000000000002,0.0049,-0.0302
1988-07-01,-0.0125,-0.0023,0.0218,0.0051,0.006500000000000001
1988-08-01,-0.0331,0.0007000000000000001,0.021400000000000002,0.0059,0.0036
1988-09-01,0.0331,-0.0134,-0.0075,0.0062,0.0028000000000000004
1988-10-01,0.0116,-0.0292,0.0203,0.0060999999999999995,0.0131
1988-11-01,-0.0227,-0.016399999999999998,0.0147,0.005699999999999999,0.002
1988-12-01,0.0148,0.0189,-0.0183,0.0063,0.0032
1989-01-01,0.060700000000000004,-0.0219,0.0060999999999999995,0.0055000000000000005,-0.0023
1989-02-01,-0.0223,0.0281,0.009899999999999999,0.0060999999999999995,0.0101
1989-03-01,0.015700000000000002,0.0067,0.004699999999999999,0.0067,0.0349
1989-04-01,0.0435,-0.0067,-0.0148,0.0067,0.018000000000000002
1989-05-01,0.032799999999999996,-0.0009,-0.009000000000000001,0.0079,0.014199999999999999
1989-06-01,-0.013300000000000001,-0.0097,0.022099999999999998,0.0070999999999999995,0.004
1989-07-01,0.0718,-0.041100000000000005,-0.027999999999999997,0.006999999999999999,0.053200000000000004
1989-08-01,0.0143,0.005699999999999999,0.0062,0.0074,-0.005
1989-09-01,-0.0076,0.003,-0.0127,0.006500000000000001,0.0349
1989-10-01,-0.0365,-0.032400000000000005,-0.0116,0.0068000000000000005,0.013600000000000001
1989-11-01,0.0104,-0.011899999999999999,-0.0113,0.0069,0.026699999999999998
1989-12-01,0.0118,-0.023700000000000002,0.0015,0.0060999999999999995,0.0276
1990-01-01,-0.078,-0.011399999999999999,0.0083,0.005699999999999999,-0.029900000000000003
1990-02-01,0.011200000000000002,0.0097,0.006500000000000001,0.005699999999999999,-0.0051
1990-03-01,0.0183,0.0147,-0.028999999999999998,0.0064,0.0173
1990-04-01,-0.0336,-0.004699999999999999,-0.025699999999999997,0.0069,0.0231
1990-05-01,0.0843,-0.0256,-0.038900000000000004,0.0068000000000000005,0.0311
1990-06-01,-0.0109,0.013500000000000002,-0.02,0.0063,0.025099999999999997
1990-07-01,-0.019,-0.0308,-0.0006,0.0068000000000000005,0.0604
1990-08-01,-0.1012,-0.035,0.015600000000000001,0.0066,0.0196
1990-09-01,-0.0611,-0.0364,0.0059,0.006,0.0572
1990-10-01,-0.0192,-0.0552,0.0008,0.0068000000000000005,0.06709999999999999
1990-11-01,0.0635,0.0042,-0.0297,0.005699999999999999,-0.0546
1990-12-01,0.0246,0.0079,-0.015700000000000002,0.006,0.0022
1991-01-01,0.046900000000000004,0.0378,-0.0148,0.0052,-0.0645
1991-02-01,0.0719,0.0401,-0.0062,0.0048,-0.049
1991-03-01,0.026600000000000002,0.0388,-0.013000000000000001,0.0044,0.0274
1991-04-01,-0.0028000000000000004,0.005,0.0149,0.0053,-0.0233
1991-05-01,0.0366,-0.0039000000000000003,-0.0052,0.004699999999999999,-0.001
1991-06-01,-0.049400000000000006,0.0018,0.0108,0.0042,0.0042
1991-07-01,0.0424,-0.0097,-0.013000000000000001,0.0049,0.0425
1991-08-01,0.0232,0.0158,-0.0079,0.0046,0.0158
1991-09-01,-0.0159,0.0168,-0.0123,0.0046,0.0173
1991-10-01,0.0129,0.0077,-0.0043,0.0042,0.0318
1991-11-01,-0.042,-0.0051,-0.0177,0.0039000000000000003,0.0118
1991-12-01,0.1085,-0.0226,-0.042300000000000004,0.0038,0.0827
1992-01-01,-0.0059,0.0848,0.0467,0.0034000000000000002,-0.025099999999999997
1992-02-01,0.0108,0.0083,0.06509999999999999,0.0028000000000000004,-0.0069
1992-03-01,-0.0265,-0.0097,0.0349,0.0034000000000000002,-0.0023
1992-04-01,0.0109,-0.061200000000000004,0.0436,0.0032,-0.025099999999999997
1992-05-01,0.003,0.0040999999999999995,0.0111,0.0028000000000000004,0.0007000000000000001
1992-06-01,-0.0233,-0.031,0.032400000000000005,0.0032,-0.005699999999999999
1992-07-01,0.0378,-0.0045000000000000005,-0.0051,0.0031,0.015300000000000001
1992-08-01,-0.023799999999999998,-0.001,-0.0109,0.0026,-0.0048
1992-09-01,0.011899999999999999,0.0055000000000000005,-0.0019,0.0026,0.0141
1992-10-01,0.0102,0.021099999999999997,-0.019799999999999998,0.0023,0.0258
1992-11-01,0.0414,0.0368,-0.0152,0.0023,-0.0024
1992-12-01,0.015300000000000001,0.0165,0.0264,0.0028000000000000004,0.0446
1993-01-01,0.009300000000000001,0.0189,0.059000000000000004,0.0023,0.0484
1993-02-01,0.0012,-0.0339,0.06480000000000001,0.0022,0.031200000000000002
1993-03-01,0.0232,0.0029,0.0126,0.0025,0.037200000000000004
1993-04-01,-0.0305,-0.0062,0.0255,0.0024,0.0036
1993-05-01,0.028900000000000002,0.0206,-0.0346,0.0022,0.0019
1993-06-01,0.003,-0.003,0.0264,0.0025,0.0454
1993-07-01,-0.0034000000000000002,0.0096,0.0287,0.0024,0.0323
1993-08-01,0.037200000000000004,0.0011,0.0018,0.0025,0.0259
1993-09-01,-0.0012,0.030899999999999997,-0.0024,0.0026,0.034300000000000004
1993-10-01,0.014199999999999999,0.0199,-0.0278,0.0022,-0.0269
1993-11-01,-0.0187,-0.0127,-0.0078000000000000005,0.0025,-0.048
1993-12-01,0.0165,0.011899999999999999,0.0025,0.0023,0.0235
1994-01-01,0.0287,0.0033,0.011000000000000001,0.0025,0.001
1994-02-01,-0.0255,0.0276,-0.0152,0.0021,-0.0037
1994-03-01,-0.0479,-0.0108,0.0167,0.0027,-0.0131
1994-04-01,0.0068000000000000005,-0.009300000000000001,0.0166,0.0027,0.0034000000000000002
1994-05-01,0.0058,-0.0209,0.006,0.0032,-0.0207
1994-06-01,-0.0304,-0.0043,0.0177,0.0031,-0.0088
1994-07-01,0.0282,-0.0181,0.0060999999999999995,0.0028000000000000004,0.0014000000000000002
1994-08-01,0.04019999999999999,0.015,-0.0255,0.0037,0.0154
1994-09-01,-0.022799999999999997,0.0304,-0.0181,0.0037,0.013300000000000001
1994-10-01,0.013500000000000002,-0.0216,-0.0166,0.0038,0.0143
1994-11-01,-0.0403,0.0028000000000000004,-0.0073,0.0037,-0.0015
1994-12-01,0.0086,0.0017000000000000001,-0.0009,0.0044,0.0345
1995-01-01,0.018000000000000002,-0.0351,0.0259,0.0042,-0.018000000000000002
1995-02-01,0.0363,-0.0060999999999999995,0.009899999999999999,0.004,-0.0046
1995-03-01,0.0219,-0.002,-0.0213,0.0046,0.0042
1995-04-01,0.021099999999999997,-0.0051,0.0167,0.0044,0.0179
1995-05-01,0.028999999999999998,-0.0253,0.022799999999999997,0.0054,-0.0055000000000000005
1995-06-01,0.027200000000000002,0.0317,-0.0254,0.004699999999999999,0.030299999999999997
1995-07-01,0.0371,0.0209,-0.0158,0.0045000000000000005,0.0252
1995-08-01,0.0055000000000000005,0.0131,0.0268,0.004699999999999999,0.0014000000000000002
1995-09-01,0.0336,-0.0216,-0.0011,0.0043,0.0287
1995-10-01,-0.0151,-0.038,-0.0049,0.004699999999999999,0.0418
1995-11-01,0.039599999999999996,-0.011200000000000002,0.0052,0.0042,-0.0072
1995-12-01,0.0104,0.0066,0.0024,0.0049,0.024900000000000002
1996-01-01,0.0226,-0.028300000000000002,0.0046,0.0043,0.0054
1996-02-01,0.013300000000000001,0.0179,-0.0105,0.0039000000000000003,0.005600000000000001
1996-03-01,0.0074,0.0143,0.0042,0.0039000000000000003,-0.018500000000000003
1996-04-01,0.0206,0.052000000000000005,-0.0397,0.0046,-0.009399999999999999
1996-05-01,0.0236,0.032,-0.009000000000000001,0.0042,0.016
1996-06-01,-0.0113,-0.04,0.0233,0.004,0.01
1996-07-01,-0.0596,-0.043,0.0519,0.0045000000000000005,-0.0014000000000000002
1996-08-01,0.0277,0.0245,-0.008199999999999999,0.0040999999999999995,-0.0002
1996-09-01,0.0501,-0.0102,-0.0274,0.0044,0.026600000000000002
1996-10-01,0.0087,-0.043899999999999995,0.048799999999999996,0.0042,0.0378
1996-11-01,0.0625,-0.0404,0.013999999999999999,0.0040999999999999995,-0.023399999999999997
1996-12-01,-0.017,0.031200000000000002,0.0128,0.0046,0.005699999999999999
1997-01-01,0.0496,-0.019299999999999998,-0.0144,0.0045000000000000005,0.0187
1997-02-01,-0.0048,-0.0316,0.056100000000000004,0.0039000000000000003,-0.0208
1997-03-01,-0.050199999999999995,-0.0033,0.0339,0.0043,0.0091
1997-04-01,0.0404,-0.0574,0.0,0.0043,0.0482
1997-05-01,0.0673,0.0512,-0.041100000000000005,0.0049,-0.0521
1997-06-01,0.040999999999999995,0.0121,0.0144,0.0037,0.0259
1997-07-01,0.0731,-0.0273,0.0013,0.0043,0.037000000000000005
1997-08-01,-0.040999999999999995,0.07150000000000001,0.0113,0.0040999999999999995,-0.026000000000000002
1997-09-01,0.053399999999999996,0.0254,0.0024,0.0044,0.0147
1997-10-01,-0.038,-0.0070999999999999995,0.0233,0.0042,-0.0053
1997-11-01,0.029900000000000003,-0.051100000000000007,0.012199999999999999,0.0039000000000000003,0.0040999999999999995
1997-12-01,0.013300000000000001,-0.0248,0.0374,0.0048,0.0392
1998-01-01,0.0015,-0.0101,-0.0168,0.0043,0.0008
1998-02-01,0.0703,0.0013,-0.009300000000000001,0.0039000000000000003,-0.012
1998-03-01,0.047599999999999996,-0.011899999999999999,0.0138,0.0039000000000000003,0.021400000000000002
1998-04-01,0.0074,0.0006,0.0103,0.0043,0.0076
1998-05-01,-0.030699999999999998,-0.034,0.0341,0.004,0.0192
1998-06-01,0.0319,-0.0317,-0.0203,0.0040999999999999995,0.0731
1998-07-01,-0.0242,-0.0483,-0.0183,0.004,0.037599999999999995
1998-08-01,-0.1605,-0.0547,0.035699999999999996,0.0043,0.0187
1998-09-01,0.061900000000000004,-0.0002,-0.0351,0.0046,-0.0063
1998-10-01,0.0698,-0.0298,-0.0233,0.0032,-0.053200000000000004
1998-11-01,0.060700000000000004,0.0126,-0.032400000000000005,0.0031,0.0113
1998-12-01,0.061500000000000006,-0.0046,-0.0425,0.0038,0.08869999999999999
1999-01-01,0.0348,0.0067,-0.0446,0.0034999999999999996,0.028300000000000002
1999-02-01,-0.0408,-0.0602,0.0195,0.0034999999999999996,-0.0007000000000000001
1999-03-01,0.0348,-0.0384,-0.026099999999999998,0.0043,-0.012199999999999999
1999-04-01,0.0434,0.038900000000000004,0.024,0.0037,-0.0888
1999-05-01,-0.0246,0.0332,0.024900000000000002,0.0034000000000000002,-0.0528
1999-06-01,0.04769999999999999,0.0323,-0.0322,0.004,0.04650000000000001
1999-07-01,-0.0349,0.0248,-0.0018,0.0038,0.017
1999-08-01,-0.0137,-0.0095,-0.019299999999999998,0.0039000000000000003,0.029300000000000003
1999-09-01,-0.0277,0.031200000000000002,-0.028999999999999998,0.0039000000000000003,0.064
1999-10-01,0.060899999999999996,-0.0694,-0.0288,0.0039000000000000003,0.053899999999999997
1999-11-01,0.0341,0.0687,-0.0565,0.0036,0.0548
1999-12-01,0.0766,0.06559999999999999,-0.0766,0.0044,0.13119999999999998
2000-01-01,-0.047400000000000005,0.0516,-0.011200000000000002,0.0040999999999999995,0.018500000000000003
2000-02-01,0.0246,0.2125,-0.0977,0.0043,0.1802
2000-03-01,0.0521,-0.1741,0.085,0.004699999999999999,-0.0684
2000-04-01,-0.0639,-0.06,0.0645,0.0046,-0.0858
2000-05-01,-0.043899999999999995,-0.0608,0.045899999999999996,0.005,-0.08929999999999999
2000-06-01,0.046799999999999994,0.12710000000000002,-0.08039999999999999,0.004,0.166
2000-07-01,-0.0248,-0.028399999999999998,0.0806,0.0048,-0.0016
2000-08-01,0.0703,-0.005,-0.0137,0.005,0.056100000000000004
2000-09-01,-0.054400000000000004,-0.0174,0.0724,0.0051,0.019299999999999998
2000-10-01,-0.0278,-0.0385,0.0558,0.005600000000000001,-0.0449
2000-11-01,-0.107,-0.0308,0.12240000000000001,0.0051,-0.0218
2000-12-01,0.0118,0.008199999999999999,0.0755,0.005,0.0665
2001-01-01,0.0325,0.0641,-0.050499999999999996,0.0054,-0.2535
2001-02-01,-0.1003,-0.006500000000000001,0.1223,0.0038,0.126
2001-03-01,-0.0725,0.0026,0.0647,0.0042,0.0862
2001-04-01,0.0793,0.005,-0.0464,0.0039000000000000003,-0.0796
2001-05-01,0.0068000000000000005,0.0248,0.0338,0.0032,0.022099999999999998
2001-06-01,-0.0194,0.0635,-0.0126,0.0028000000000000004,0.006500000000000001
2001-07-01,-0.0213,-0.0405,0.0495,0.003,0.0546
2001-08-01,-0.064,0.0219,0.0286,0.0031,0.055
2001-09-01,-0.0924,-0.0623,0.0152,0.0028000000000000004,0.114
2001-10-01,0.0248,0.07490000000000001,-0.0731,0.0022,-0.0837
2001-11-01,0.0753,-0.005699999999999999,0.0217,0.0017000000000000001,-0.0863
2001-12-01,0.0161,0.0472,0.0083,0.0015,0.0004
2002-01-01,-0.0144,0.011699999999999999,0.0342,0.0014000000000000002,0.0366
2002-02-01,-0.023,-0.0108,0.023399999999999997,0.0013,0.06849999999999999
2002-03-01,0.0424,0.0409,0.0108,0.0013,-0.0166
2002-04-01,-0.0521,0.0582,0.0401,0.0015,0.0765
2002-05-01,-0.013600000000000001,-0.0327,0.0152,0.0014000000000000002,0.031200000000000002
2002-06-01,-0.0723,0.0408,0.0037,0.0013,0.0622
2002-07-01,-0.0819,-0.0525,-0.0351,0.0015,0.0363
2002-08-01,0.005,-0.027999999999999997,0.0301,0.0014000000000000002,0.0184
2002-09-01,-0.10339999999999999,0.0242,0.0126,0.0014000000000000002,0.0901
2002-10-01,0.0784,-0.034,-0.037599999999999995,0.0014000000000000002,-0.0558
2002-11-01,0.0596,0.0326,-0.0116,0.0012,-0.16449999999999998
2002-12-01,-0.0576,-0.0004,0.021099999999999997,0.0011,0.0971
2003-01-01,-0.025699999999999997,0.0134,-0.0079,0.001,0.0154
2003-02-01,-0.018799999999999997,-0.0044,-0.013600000000000001,0.0009,0.012
2003-03-01,0.0109,0.011699999999999999,-0.021099999999999997,0.001,0.014199999999999999
2003-04-01,0.0818,0.0076,0.012199999999999999,0.001,-0.0934
2003-05-01,0.0605,0.0461,0.006999999999999999,0.0009,-0.1072
2003-06-01,0.014199999999999999,0.017,0.0014000000000000002,0.001,-0.0124
2003-07-01,0.0233,0.0493,-0.015300000000000001,0.0007000000000000001,-0.0028000000000000004
2003-08-01,0.0233,0.024399999999999998,0.016399999999999998,0.0007000000000000001,-0.0059
2003-09-01,-0.0124,0.0085,0.0014000000000000002,0.0008,-0.0007000000000000001
2003-10-01,0.0608,0.0259,0.022099999999999998,0.0007000000000000001,0.039900000000000005
2003-11-01,0.013500000000000002,0.0206,0.0172,0.0007000000000000001,0.0137
2003-12-01,0.0429,-0.0268,0.0151,0.0008,-0.0553
2004-01-01,0.0215,0.0254,0.0242,0.0007000000000000001,0.0256
2004-02-01,0.013999999999999999,-0.015700000000000002,0.0095,0.0006,-0.0118
2004-03-01,-0.0132,0.0173,0.0023,0.0009,0.002
2004-04-01,-0.0181,-0.0173,-0.0323,0.0008,-0.0533
2004-05-01,0.0118,-0.0023,-0.0018,0.0006,0.0149
2004-06-01,0.018500000000000003,0.0225,0.0121,0.0008,0.0206
2004-07-01,-0.0404,-0.037599999999999995,0.0322,0.001,-0.0223
2004-08-01,0.0007000000000000001,-0.0152,0.0109,0.0011,-0.015600000000000001
2004-09-01,0.016,0.03,-0.0007000000000000001,0.0011,0.0548
2004-10-01,0.014199999999999999,0.0013,-0.0025,0.0011,-0.0143
2004-11-01,0.0453,0.0373,0.015700000000000002,0.0015,0.030699999999999998
2004-12-01,0.0342,-0.0003,-0.0022,0.0016,-0.0285
2005-01-01,-0.0275,-0.0166,0.020499999999999997,0.0016,0.031200000000000002
2005-02-01,0.018799999999999997,-0.005699999999999999,0.0141,0.0016,0.034300000000000004
2005-03-01,-0.0194,-0.0141,0.0207,0.0021,0.0043
2005-04-01,-0.026099999999999998,-0.0393,0.0005,0.0021,-0.006999999999999999
2005-05-01,0.0365,0.0286,-0.0059,0.0024,0.0037
2005-06-01,0.0058,0.0256,0.027999999999999997,0.0023,0.0208
2005-07-01,0.0392,0.0287,-0.0078000000000000005,0.0024,0.0004
2005-08-01,-0.012,-0.010700000000000001,0.0134,0.003,0.0207
2005-09-01,0.0048,-0.0062,0.0078000000000000005,0.0029,0.0346
2005-10-01,-0.0204,-0.013000000000000001,0.0043,0.0027,-0.0118
2005-11-01,0.0361,0.0105,-0.011899999999999999,0.0031,0.0033
2005-12-01,-0.0024,-0.0044,0.0015,0.0032,0.0079
2006-01-01,0.030299999999999997,0.0546,0.009899999999999999,0.0034999999999999996,0.0253
2006-02-01,-0.003,-0.0040999999999999995,-0.0031,0.0034000000000000002,-0.0181
2006-03-01,0.0147,0.0339,0.0060999999999999995,0.0037,0.0125
2006-04-01,0.0073,-0.0138,0.0226,0.0036,0.0060999999999999995
2006-05-01,-0.0356,-0.0301,0.023799999999999998,0.0043,-0.036699999999999997
2006-06-01,-0.0034999999999999996,-0.0034999999999999996,0.0085,0.004,0.0155
2006-07-01,-0.0077,-0.0395,0.0262,0.004,-0.0204
2006-08-01,0.0203,0.009899999999999999,-0.0195,0.0042,-0.0337
2006-09-01,0.0184,-0.013000000000000001,0.0006,0.0040999999999999995,-0.0098
2006-10-01,0.0322,0.0177,-0.0033,0.0040999999999999995,-0.0027
2006-11-01,0.017,0.0063,0.0003,0.0042,-0.0103
2006-12-01,0.0085,-0.0116,0.0275,0.004,0.0078000000000000005
2007-01-01,0.0138,0.0009,-0.0068000000000000005,0.0044,0.002
2007-02-01,-0.0196,0.0123,-0.0008,0.0038,-0.0131
2007-03-01,0.0070999999999999995,0.0009,-0.0088,0.0043,0.0259
2007-04-01,0.0349,-0.022099999999999998,-0.014499999999999999,0.0044,-0.0025
2007-05-01,0.0323,0.0016,-0.0058,0.0040999999999999995,-0.0034000000000000002
2007-06-01,-0.0196,0.0073,-0.0105,0.004,0.0052
2007-07-01,-0.037200000000000004,-0.026600000000000002,-0.0368,0.004,0.029500000000000002
2007-08-01,0.009399999999999999,-0.0011,-0.0187,0.0042,-0.0001
2007-09-01,0.0322,-0.0225,-0.0217,0.0032,0.0443
2007-10-01,0.0179,0.0019,-0.0287,0.0032,0.050300000000000004
2007-11-01,-0.048,-0.0281,-0.0109,0.0034000000000000002,0.0109
2007-12-01,-0.0087,0.0011,-0.0051,0.0027,0.06559999999999999
2008-01-01,-0.0633,-0.0102,0.04,0.0021,-0.0774
2008-02-01,-0.030899999999999997,-0.0048,-0.0072,0.0013,0.0613
2008-03-01,-0.009399999999999999,0.0070999999999999995,0.0031,0.0017000000000000001,0.0425
2008-04-01,0.0461,-0.0169,-0.0096,0.0018,-0.0031
2008-05-01,0.0187,0.0297,-0.015,0.0018,0.0338
2008-06-01,-0.0843,0.0115,-0.025099999999999997,0.0017000000000000001,0.1272
2008-07-01,-0.0075,0.026000000000000002,0.052000000000000005,0.0015,-0.0507
2008-08-01,0.015300000000000001,0.034,0.0152,0.0013,-0.045
2008-09-01,-0.0935,-0.010700000000000001,0.056600000000000004,0.0015,0.0078000000000000005
2008-10-01,-0.172,-0.0231,-0.0189,0.0008,0.0784
2008-11-01,-0.0774,-0.0301,-0.0621,0.0003,0.0726
2008-12-01,0.0177,0.0352,0.0005,0.0,-0.0508
2009-01-01,-0.0809,0.0004,-0.11019999999999999,0.0,-0.023700000000000002
2009-02-01,-0.1014,0.0014000000000000002,-0.066,0.0001,0.0436
2009-03-01,0.0901,-0.001,0.0348,0.0002,-0.11800000000000001
2009-04-01,0.1017,0.054000000000000006,0.0538,0.0001,-0.3436
2009-05-01,0.0521,-0.0241,0.0040999999999999995,0.0,-0.12539999999999998
2009-06-01,0.0042,0.0258,-0.0276,0.0001,0.053899999999999997
2009-07-01,0.0774,0.0175,0.0489,0.0001,-0.056100000000000004
2009-08-01,0.0333,-0.011200000000000002,0.076,0.0001,-0.0908
2009-09-01,0.0408,0.024300000000000002,0.0115,0.0001,-0.0483
2009-10-01,-0.0253,-0.0426,-0.0417,0.0,0.0258
2009-11-01,0.056299999999999996,-0.025,-0.0033,0.0,0.0039000000000000003
2009-12-01,0.027999999999999997,0.0601,-0.0011,0.0001,0.0297
2010-01-01,-0.0335,0.0043,0.0033,0.0,-0.0529
2010-02-01,0.0339,0.0118,0.0318,0.0,0.037000000000000005
2010-03-01,0.063,0.0146,0.0219,0.0001,0.0356
2010-04-01,0.0199,0.0484,0.0296,0.0001,0.0319
2010-05-01,-0.079,0.0013,-0.0248,0.0001,-0.0018
2010-06-01,-0.0556,-0.0179,-0.0473,0.0001,-0.0271
2010-07-01,0.0692,0.0022,-0.005,0.0001,0.0179
2010-08-01,-0.0478,-0.0301,-0.0173,0.0001,-0.0006
2010-09-01,0.0955,0.0382,-0.0302,0.0001,0.013500000000000002
2010-10-01,0.0387,0.0108,-0.0246,0.0001,0.015
2010-11-01,0.0059,0.036699999999999997,-0.009000000000000001,0.0001,0.0271
2010-12-01,0.0682,0.0072,0.0356,0.0001,-0.0301
2011-01-01,0.019799999999999998,-0.0229,0.0060999999999999995,0.0001,-0.003
2011-02-01,0.0348,0.015,0.0118,0.0001,0.0189
2011-03-01,0.0045000000000000005,0.024900000000000002,-0.0184,0.0001,0.0342
2011-04-01,0.028999999999999998,-0.0042,-0.024399999999999998,0.0,0.0005
2011-05-01,-0.0127,-0.0073,-0.018500000000000003,0.0,-0.005699999999999999
2011-06-01,-0.0174,-0.0027,-0.002,0.0,0.0182
2011-07-01,-0.0235,-0.011699999999999999,-0.0091,0.0,0.002
2011-08-01,-0.0596,-0.0296,-0.024300000000000002,0.0001,-0.0026
2011-09-01,-0.0758,-0.031200000000000002,-0.015300000000000001,0.0,-0.0236
2011-10-01,0.1133,0.0305,0.0006,0.0,-0.014499999999999999
2011-11-01,-0.0027,-0.0018,-0.0052,0.0,0.0385
2011-12-01,0.0075,-0.005600000000000001,0.0154,0.0,0.0183
2012-01-01,0.050499999999999996,0.020099999999999996,-0.009300000000000001,0.0,-0.0801
2012-02-01,0.044199999999999996,-0.0184,0.0042,0.0,-0.0026
2012-03-01,0.031200000000000002,-0.0063,0.011899999999999999,0.0,0.0132
2012-04-01,-0.0085,-0.0037,-0.0077,0.0,0.0378
2012-05-01,-0.0617,0.0012,-0.0095,0.0001,0.0646
2012-06-01,0.038900000000000004,0.0072,0.0055000000000000005,0.0,-0.0111
2012-07-01,0.0079,-0.0276,-0.0006,0.0,0.03
2012-08-01,0.0254,0.005,0.0123,0.0001,-0.023399999999999997
2012-09-01,0.0273,0.0045000000000000005,0.016200000000000003,0.0001,-0.011399999999999999
2012-10-01,-0.0176,-0.0109,0.0352,0.0001,0.0008
2012-11-01,0.0078000000000000005,0.006,-0.0086,0.0001,0.0053
2012-12-01,0.0118,0.015,0.0348,0.0001,-0.0294
2013-01-01,0.0557,0.0029,0.0101,0.0,-0.0179
2013-02-01,0.0128,-0.003,0.0021,0.0,0.0124
2013-03-01,0.0404,0.0083,-0.0022,0.0,0.0192
2013-04-01,0.015600000000000001,-0.023700000000000002,0.0044,0.0,0.0021
2013-05-01,0.027999999999999997,0.017,0.026699999999999998,0.0,-0.02
2013-06-01,-0.012,0.0131,-0.0005,0.0,0.0058
2013-07-01,0.0565,0.0181,0.0058,0.0,0.0174
2013-08-01,-0.0271,0.0032,-0.0273,0.0,0.0005
2013-09-01,0.0377,0.028900000000000002,-0.0118,0.0,0.0304
2013-10-01,0.0417,-0.015600000000000001,0.012199999999999999,0.0,0.0006
2013-11-01,0.0311,0.0131,0.0019,0.0,0.0038
2013-12-01,0.0281,-0.0044,0.0,0.0,0.0002
2014-01-01,-0.0332,0.009300000000000001,-0.0199,0.0,0.0165
2014-02-01,0.0466,0.0036,-0.0034999999999999996,0.0,0.0215
2014-03-01,0.0043,-0.018600000000000002,0.049,0.0,-0.0327
2014-04-01,-0.0018,-0.0418,0.012199999999999999,0.0,-0.038900000000000004
2014-05-01,0.020499999999999997,-0.018500000000000003,-0.001,0.0,0.0088
2014-06-01,0.026000000000000002,0.0305,-0.0070999999999999995,0.0,0.006500000000000001
2014-07-01,-0.0203,-0.0418,-0.0008,0.0,-0.0019
2014-08-01,0.0424,0.0040999999999999995,-0.005699999999999999,0.0,0.0084
2014-09-01,-0.0196,-0.0359,-0.0147,0.0,0.0064
2014-10-01,0.025099999999999997,0.0405,-0.0163,0.0,-0.0027
2014-11-01,0.0256,-0.020499999999999997,-0.0313,0.0,0.0069
2014-12-01,-0.0005,0.0253,0.0212,0.0,0.0105
2015-01-01,-0.031,-0.0059,-0.0345,0.0,0.037200000000000004
2015-02-01,0.0613,0.0060999999999999995,-0.0179,0.0,-0.028900000000000002
2015-03-01,-0.0111,0.0305,-0.0038,0.0,0.027000000000000003
2015-04-01,0.0059,-0.029900000000000003,0.018000000000000002,0.0,-0.0726
2015-05-01,0.0137,0.0095,-0.0111,0.0,0.0576
2015-06-01,-0.0152,0.0294,-0.008199999999999999,0.0,0.03
2015-07-01,0.015700000000000002,-0.0417,-0.0416,0.0,0.1
2015-08-01,-0.0602,0.0037,0.0275,0.0,-0.021400000000000002
2015-09-01,-0.030600000000000002,-0.0263,0.0055000000000000005,0.0,0.0526
2015-10-01,0.0775,-0.019,-0.004699999999999999,0.0,-0.0329
2015-11-01,0.005699999999999999,0.0358,-0.0043,0.0,0.023
2015-12-01,-0.0215,-0.027999999999999997,-0.025699999999999997,0.0001,0.0333
2016-01-01,-0.0574,-0.034,0.0208,0.0001,0.0149
2016-02-01,-0.0006,0.0073,-0.0060999999999999995,0.0002,-0.0434
2016-03-01,0.0695,0.0075,0.012199999999999999,0.0002,-0.0504
2016-04-01,0.0092,0.0077,0.0322,0.0001,-0.0599
2016-05-01,0.0178,-0.0018,-0.016200000000000003,0.0001,0.014499999999999999
2016-06-01,-0.0003,0.006,-0.0149,0.0002,0.0414
2016-07-01,0.0394,0.0245,-0.0124,0.0002,-0.0339
2016-08-01,0.0049,0.011699999999999999,0.0317,0.0002,-0.0346
2016-09-01,0.0027,0.0208,-0.011899999999999999,0.0002,0.0022
2016-10-01,-0.020099999999999996,-0.043899999999999995,0.041100000000000005,0.0002,0.0055000000000000005
2016-11-01,0.048600000000000004,0.055999999999999994,0.08289999999999999,0.0001,-0.047
2016-12-01,0.0181,0.0014000000000000002,0.0347,0.0003,-0.0026
2017-01-01,0.0194,-0.0116,-0.0276,0.0004,-0.0092
2017-02-01,0.0355,-0.0215,-0.015,0.0004,-0.015300000000000001
2017-03-01,0.0017000000000000001,0.0113,-0.0333,0.0003,-0.0096
2017-04-01,0.0108,0.0066,-0.020499999999999997,0.0005,0.005
2017-05-01,0.010700000000000001,-0.0252,-0.0382,0.0006,0.015
2017-06-01,0.0079,0.022099999999999998,0.015,0.0006,-0.0011
2017-07-01,0.018799999999999997,-0.014499999999999999,-0.0023,0.0007000000000000001,0.016399999999999998
2017-08-01,0.0018,-0.0167,-0.0213,0.0009,0.0338
2017-09-01,0.024900000000000002,0.044500000000000005,0.0315,0.0009,-0.0134
2017-10-01,0.0226,-0.019299999999999998,0.0013,0.0009,0.0421
2017-11-01,0.031200000000000002,-0.006,-0.0009,0.0008,-0.009399999999999999
2017-12-01,0.0106,-0.0132,0.0005,0.0009,-0.015700000000000002
2018-01-01,0.0558,-0.0316,-0.0132,0.0011,0.0406
2018-02-01,-0.0364,0.0027,-0.011000000000000001,0.0011,0.036000000000000004
2018-03-01,-0.0235,0.0405,-0.0021,0.0012,-0.012
2018-04-01,0.0027,0.0109,0.0053,0.0014000000000000002,0.0045000000000000005
2018-05-01,0.026600000000000002,0.0524,-0.031400000000000004,0.0014000000000000002,0.0391
2018-06-01,0.0049,0.0111,-0.0233,0.0014000000000000002,-0.022799999999999997
2018-07-01,0.032,-0.0223,0.0049,0.0016,-0.0143
2018-08-01,0.0345,0.011399999999999999,-0.0391,0.0016,0.053099999999999994
2018-09-01,0.0006,-0.0229,-0.016200000000000003,0.0015,-0.001
2018-10-01,-0.0765,-0.047,0.0338,0.0019,-0.0206
2018-11-01,0.0171,-0.0073,0.0036,0.0018,-0.014199999999999999
2018-12-01,-0.0955,-0.0231,-0.0192,0.0019,0.0175
2019-01-01,0.0837,0.0276,-0.0039000000000000003,0.0021,-0.086
2019-02-01,0.0342,0.020499999999999997,-0.026600000000000002,0.0018,0.0077
2019-03-01,0.011000000000000001,-0.030299999999999997,-0.0414,0.0019,0.022400000000000003
2019-04-01,0.0397,-0.0174,0.0213,0.0021,-0.0291
2019-05-01,-0.0692,-0.0126,-0.0245,0.0021,0.0756
2019-06-01,0.0699,0.0011,-0.0064,0.0018,-0.0226
2019-07-01,0.0123,-0.0196,0.005,0.0019,0.029300000000000003
2019-08-01,-0.0255,-0.0239,-0.04769999999999999,0.0016,0.0748
2019-09-01,0.0141,-0.0097,0.0676,0.0018,-0.0674
2019-10-01,0.0207,0.0027,-0.0192,0.0015,0.0013
2019-11-01,0.0387,0.0072,-0.02,0.0012,-0.026099999999999998
2019-12-01,0.0277,0.0076,0.0173,0.0014000000000000002,-0.022400000000000003
2020-01-01,-0.0011,-0.031,-0.0622,0.0013,0.0602
2020-02-01,-0.0815,0.0108,-0.0382,0.0012,-0.0024
2020-03-01,-0.13369999999999999,-0.046900000000000004,-0.1383,0.0012,0.08199999999999999
2020-04-01,0.136,0.025,-0.0134,0.0,-0.0558
2020-05-01,0.0557,0.024,-0.05,0.0001,0.0015
2020-06-01,0.0245,0.026699999999999998,-0.0217,0.0001,-0.0087
2020-07-01,0.0583,-0.0235,-0.0144,0.0001,0.07690000000000001
2020-08-01,0.0762,-0.002,-0.0302,0.0001,0.0043
2020-09-01,-0.0364,0.0006,-0.027200000000000002,0.0001,0.0318
2020-10-01,-0.0208,0.0434,0.0425,0.0001,-0.031
2020-11-01,0.1245,0.0581,0.0209,0.0001,-0.126
2020-12-01,0.0463,0.0501,-0.0168,0.0001,-0.0227
2021-01-01,-0.0007000000000000001,0.07139999999999999,0.0322,0.0,0.043
2021-02-01,0.0281,0.0202,0.07200000000000001,0.0,-0.0799
2021-03-01,0.0317,-0.0233,0.0735,0.0,-0.061
2021-04-01,0.0495,-0.0319,-0.0102,0.0,0.0123
2021-05-01,0.003,-0.002,0.0704,0.0,0.005600000000000001
2021-06-01,0.0274,0.017,-0.0786,0.0,0.0207
2021-07-01,0.0134,-0.0393,-0.0179,0.0,-0.0217
2021-08-01,0.0294,-0.0032,-0.0023,0.0,0.0263
2021-09-01,-0.044000000000000004,0.0066,0.0512,0.0,0.0143
2021-10-01,0.0663,-0.0226,-0.0053,0.0,0.0332
2021-11-01,-0.0158,-0.0131,-0.0037,0.0,0.0097
2021-12-01,0.0323,-0.0163,0.0325,0.0001,-0.024
2022-01-01,-0.0616,-0.0593,0.1286,0.0,-0.0241
2022-02-01,-0.022799999999999997,0.0216,0.030600000000000002,0.0,0.0165
2022-03-01,0.0308,-0.0155,-0.019,0.0,0.0292
2022-04-01,-0.0941,-0.013500000000000002,0.061799999999999994,0.0,0.0499
2022-05-01,-0.0034000000000000002,-0.0184,0.08439999999999999,0.0003,0.0252
2022-06-01,-0.084,0.0207,-0.06,0.0006,0.010700000000000001
2022-07-01,0.09570000000000001,0.028399999999999998,-0.0415,0.0008,-0.0438
2022-08-01,-0.0377,0.0141,0.0018,0.0019,0.0189
2022-09-01,-0.0934,-0.0076,0.0003,0.0019,0.0371
2022-10-01,0.0785,0.0001,0.0797,0.0023,0.0392
2022-11-01,0.04650000000000001,-0.035699999999999996,0.0148,0.0029,-0.0171
2022-12-01,-0.0638,-0.0076,0.0134,0.0033,0.049400000000000006
2023-01-01,0.0661,0.0501,-0.0394,0.0034999999999999996,-0.16210000000000002
2023-02-01,-0.025699999999999997,0.0105,-0.008,0.0034000000000000002,0.0054
2023-03-01,0.0248,-0.0548,-0.09050000000000001,0.0036,-0.023700000000000002
2023-04-01,0.0062,-0.0337,-0.0012,0.0034999999999999996,0.0175
2023-05-01,0.0034000000000000002,0.016,-0.0779,0.0036,-0.009000000000000001
2023-06-01,0.0646,0.0149,-0.0013,0.004,-0.027000000000000003
2023-07-01,0.0321,0.020499999999999997,0.0406,0.0045000000000000005,-0.039599999999999996
2023-08-01,-0.0236,-0.0313,-0.0115,0.0045000000000000005,0.0391
2023-09-01,-0.052300000000000006,-0.025,0.015,0.0043,0.0027
2023-10-01,-0.0315,-0.0387,0.002,0.004699999999999999,0.0169
2023-11-01,0.0888,-0.001,0.0167,0.0044,0.0253
2023-12-01,0.048499999999999995,0.06280000000000001,0.0489,0.0043,-0.0548
2024-01-01,0.0073,-0.050499999999999996,-0.023799999999999998,0.004699999999999999,0.0545
2024-02-01,0.0507,-0.0026,-0.034300000000000004,0.0042,0.0501
2024-03-01,0.028399999999999998,-0.025,0.0416,0.0043,-0.0032
2024-04-01,-0.04650000000000001,-0.023799999999999998,-0.0045000000000000005,0.004699999999999999,-0.0045000000000000005
2024-05-01,0.0433,0.0053,-0.0131,0.0044,0.014499999999999999
2024-06-01,0.027999999999999997,-0.03,-0.0336,0.0040999999999999995,0.0086
2024-07-01,0.012199999999999999,0.0681,0.0557,0.0045000000000000005,-0.0236
2024-08-01,0.016,-0.0349,-0.0113,0.0048,0.0487
2024-09-01,0.0172,-0.0013,-0.0273,0.004,-0.005600000000000001
2024-10-01,-0.01,-0.0095,0.0091,0.0039000000000000003,0.0292
2024-11-01,0.0649,0.0449,0.0038,0.004,0.009399999999999999
2024-12-01,-0.0317,-0.027000000000000003,-0.0297,0.0037,-0.0034000000000000002
2025-01-01,0.027999999999999997,-0.02,0.0176,0.0037,0.009899999999999999
2025-02-01,-0.024399999999999998,-0.057699999999999994,0.0484,0.0033,-0.0085
2025-03-01,-0.0639,-0.027200000000000002,0.0287,0.0034000000000000002,-0.0259
2025-04-01,-0.0084,-0.005699999999999999,-0.0329,0.0034999999999999996,0.0501
2025-05-01,0.060599999999999994,0.0060999999999999995,-0.0281,0.0038,0.0216
2025-06-01,0.048600000000000004,0.0070999999999999995,-0.0143,0.0034000000000000002,-0.0268
2025-07-01,0.019799999999999998,0.0027,-0.0128,0.0034000000000000002,-0.009399999999999999
2025-08-01,0.0184,0.0381,0.0444,0.0038,-0.0358
2025-09-01,0.0339,-0.0191,-0.009300000000000001,0.0033,0.0471
2025-10-01,0.0196,-0.0083,-0.0276,0.0037,0.0019
2025-11-01,-0.0013,0.0052,0.0362,0.003,-0.0171
2025-12-01,-0.0036,-0.0102,0.0236,0.0034000000000000002,-0.023399999999999997
2026-01-01,0.0103,0.0213,0.0382,0.003,0.0489
2026-02-01,-0.011699999999999999,0.0023,0.0271,0.0028000000000000004,0.0132
2026-03-01,-0.0518,0.0042,0.0341,0.0029,0.015700000000000002
2026-04-01,0.09949999999999999,0.0011,-0.011699999999999999,0.0029,0.09519999999999999
2026-05-01,0.049100000000000005,-0.0168,-0.0216,0.0031,0.0138
2026-06-01,-0.010700000000000001,0.0358,0.0334,0.0029,0.047599999999999996
