,Open,High,Low,Close,Adj Close,Volume
2018-01-01,177.8,181.03,176.97,179.0,179.0,4677415
2018-01-02,175.36,176.64,174.43,175.53,175.53,6270411
2018-01-03,167.0,168.27,165.67,166.97,166.97,7461469
2018-01-04,164.14,167.21,162.75,164.98,164.98,8218244
2018-01-05,163.52,164.37,163.29,163.83,163.83,5576206
2018-01-08,166.3,167.3,165.23,166.26,166.26,8273515
2018-01-09,164.89,167.26,164.22,165.74,165.74,5323562
2018-01-10,173.1,173.76,171.67,172.71,172.71,2799859
2018-01-11,170.62,173.03,169.77,171.4,171.4,4192097
2018-01-12,172.54,173.68,171.73,172.71,172.71,3406147
2018-01-15,171.43,173.18,168.45,170.82,170.82,5661731
2018-01-16,170.57,172.54,169.66,171.1,171.1,4644854
2018-01-17,169.99,170.63,168.31,169.47,169.47,3639444
2018-01-18,167.92,168.04,167.86,167.95,167.95,7342844
2018-01-19,168.86,170.95,168.12,169.54,169.54,8142700
2018-01-22,170.42,171.65,168.91,170.28,170.28,3328668
2018-01-23,166.88,168.08,164.99,166.54,166.54,7555700
2018-01-24,166.84,169.46,166.12,167.79,167.79,4633596
2018-01-25,168.43,170.02,167.13,168.58,168.58,3337108
2018-01-26,170.51,171.08,169.47,170.27,170.27,7033953
2018-01-29,167.59,169.49,166.52,168.01,168.01,8223149
2018-01-30,168.09,170.04,165.55,167.79,167.79,8177980
2018-01-31,162.44,163.98,160.78,162.38,162.38,5290605
2018-02-01,162.98,163.46,161.44,162.45,162.45,4664349
2018-02-02,164.14,164.88,161.33,163.11,163.11,6208834
2018-02-05,164.14,165.77,162.23,164.0,164.0,4148623
2018-02-06,163.5,163.93,162.04,162.99,162.99,6760057
2018-02-07,164.17,165.15,162.3,163.72,163.72,5980146
2018-02-08,163.74,165.28,161.61,163.45,163.45,7644244
2018-02-09,160.15,160.58,159.69,160.14,160.14,8627948
2018-02-12,154.66,155.54,152.04,153.79,153.79,4779901
2018-02-13,154.08,155.19,152.87,154.03,154.03,4978995
2018-02-14,154.77,156.0,153.04,154.52,154.52,3799847
2018-02-15,152.57,153.03,151.15,152.09,152.09,4104971
2018-02-16,151.23,152.05,150.7,151.37,151.37,3679072
2018-02-19,144.88,146.49,142.67,144.58,144.58,5004385
2018-02-20,150.43,151.12,147.78,149.45,149.45,5863687
2018-02-21,150.0,150.74,148.93,149.84,149.84,6874145
2018-02-22,146.47,147.33,143.92,145.63,145.63,4972571
2018-02-23,144.62,146.27,143.83,145.05,145.05,5702809
2018-02-26,144.43,145.37,143.89,144.63,144.63,4573949
2018-02-27,146.26,148.49,145.67,147.08,147.08,5370993
2018-02-28,142.97,144.82,142.23,143.53,143.53,7463404
2018-03-01,143.78,144.19,143.5,143.84,143.84,7549241
2018-03-02,142.58,143.53,139.66,141.6,141.6,7502054
2018-03-05,139.03,141.72,137.69,139.71,139.71,6376380
2018-03-06,139.9,141.01,139.56,140.28,140.28,5960400
2018-03-07,145.22,146.49,143.58,145.03,145.03,3358088
2018-03-08,144.64,145.61,142.46,144.03,144.03,7261683
2018-03-09,143.11,144.85,142.67,143.76,143.76,3046500
2018-03-12,144.21,145.0,143.18,144.09,144.09,3059066
2018-03-13,148.12,149.38,145.07,147.23,147.23,4280825
2018-03-14,147.35,147.97,146.35,147.16,147.16,3025290
2018-03-15,145.31,146.27,145.06,145.67,145.67,5650208
2018-03-16,142.52,145.44,141.64,143.54,143.54,5016963
2018-03-19,143.86,145.49,142.85,144.17,144.17,6160410
2018-03-20,149.07,150.13,146.53,148.33,148.33,4352652
2018-03-21,154.46,156.07,152.22,154.14,154.14,5232927
2018-03-22,158.76,159.52,157.03,158.28,158.28,4177717
2018-03-23,155.86,156.09,155.76,155.92,155.92,4300027
2018-03-26,153.04,155.62,152.02,153.82,153.82,5596058
2018-03-27,149.27,151.23,148.46,149.84,149.84,8472238
2018-03-28,148.3,148.75,146.64,147.69,147.69,4894550
2018-03-29,151.98,153.58,150.58,152.08,152.08,4694597
2018-03-30,150.26,150.76,149.53,150.14,150.14,7819502
2018-04-02,148.87,149.28,147.23,148.26,148.26,4076851
2018-04-03,155.41,155.76,154.12,154.94,154.94,3484121
2018-04-04,152.94,154.65,152.25,153.45,153.45,3488359
2018-04-05,149.17,151.2,147.93,149.57,149.57,5633376
2018-04-06,151.1,152.36,149.85,151.1,151.1,6148345
2018-04-09,154.91,157.07,153.48,155.28,155.28,8775734
2018-04-10,152.78,153.87,151.51,152.69,152.69,4502047
2018-04-11,151.91,152.5,150.88,151.69,151.69,4405249
2018-04-12,148.66,151.25,147.06,149.15,149.15,3350386
2018-04-13,144.85,146.78,144.27,145.52,145.52,4870855
2018-04-16,143.88,144.79,142.93,143.86,143.86,6568538
2018-04-17,142.74,144.18,141.88,143.03,143.03,5269618
2018-04-18,147.35,148.12,145.47,146.79,146.79,3327594
2018-04-19,142.96,145.37,142.27,143.82,143.82,3437276
2018-04-20,147.37,148.08,145.62,146.85,146.85,5203902
2018-04-23,149.15,149.78,147.05,148.42,148.42,9933938
2018-04-24,145.89,146.68,144.6,145.64,145.64,3737953
2018-04-25,148.25,149.37,147.89,148.63,148.63,4082591
2018-04-26,147.15,148.63,145.81,147.22,147.22,6401031
2018-04-27,144.03,145.39,141.8,143.6,143.6,5852819
2018-04-30,144.52,145.94,143.69,144.81,144.81,3803494
2018-05-01,140.6,140.86,139.61,140.23,140.23,8612176
2018-05-02,141.42,141.62,141.2,141.41,141.41,3665466
2018-05-03,145.1,146.03,144.03,145.03,145.03,5272316
2018-05-04,148.42,149.23,146.13,147.68,147.68,4425187
2018-05-07,147.69,148.92,146.94,147.93,147.93,5610731
2018-05-08,152.69,154.4,151.48,152.94,152.94,6494999
2018-05-09,154.34,155.19,153.96,154.57,154.57,3214652
2018-05-10,158.84,160.36,158.08,159.22,159.22,4538645
2018-05-11,160.54,161.48,159.65,160.57,160.57,6174476
2018-05-14,159.98,161.78,159.4,160.59,160.59,7250931
2018-05-15,161.72,162.76,159.3,161.03,161.03,8786034
2018-05-16,156.88,158.06,155.06,156.56,156.56,5341405
2018-05-17,153.83,156.22,152.63,154.42,154.42,3164015
2018-05-18,153.34,154.69,152.93,153.81,153.81,5932400
2018-05-21,152.4,152.88,151.65,152.26,152.26,11438864
2018-05-22,153.5,154.53,151.93,153.23,153.23,1993843
2018-05-23,154.79,155.98,154.44,155.21,155.21,5866551
2018-05-24,157.32,158.19,155.78,156.99,156.99,3926068
2018-05-25,153.68,154.44,150.8,152.62,152.62,10895754
2018-05-28,149.07,150.07,148.69,149.38,149.38,7502070
2018-05-29,148.79,150.86,147.48,149.17,149.17,3594273
2018-05-30,149.04,151.29,148.45,149.87,149.87,6586227
2018-05-31,153.28,153.92,152.38,153.15,153.15,3168536
2018-06-01,158.88,160.46,157.32,158.89,158.89,4803985
2018-06-04,160.32,162.3,158.82,160.56,160.56,2855764
2018-06-05,159.64,160.47,157.59,159.03,159.03,4731000
2018-06-06,158.51,160.26,157.79,159.03,159.03,3474715
2018-06-07,153.54,154.26,152.22,153.24,153.24,4619875
2018-06-08,148.94,150.16,148.49,149.33,149.33,4557123
2018-06-11,152.55,153.2,151.65,152.43,152.43,10202624
2018-06-12,147.7,148.98,147.12,148.05,148.05,5605662
2018-06-13,150.55,152.31,149.53,150.92,150.92,9737232
2018-06-14,154.06,154.14,153.94,154.04,154.04,4486053
2018-06-15,149.82,150.97,147.99,149.48,149.48,6770598
2018-06-18,144.38,145.71,143.49,144.6,144.6,4201359
2018-06-19,143.26,144.8,142.17,143.48,143.48,4631751
2018-06-20,141.46,142.22,140.44,141.33,141.33,9846078
2018-06-21,143.31,144.28,141.51,142.89,142.89,9319362
2018-06-22,147.2,148.35,146.3,147.33,147.33,4293296
2018-06-25,150.63,151.78,149.34,150.56,150.56,5462450
2018-06-26,148.36,149.02,147.78,148.4,148.4,3136386
2018-06-27,149.79,152.86,148.94,150.9,150.9,6222663
2018-06-28,153.61,154.02,152.6,153.31,153.31,7441768
2018-06-29,151.38,152.0,148.92,150.46,150.46,7814982
2018-07-02,151.04,152.27,148.61,150.44,150.44,7022958
2018-07-03,151.81,152.53,151.27,151.9,151.9,4298820
2018-07-04,150.84,152.69,150.06,151.37,151.37,5270391
2018-07-05,147.78,148.67,145.97,147.32,147.32,6768178
2018-07-06,145.15,145.74,144.79,145.26,145.26,5818033
2018-07-09,150.29,150.62,149.85,150.24,150.24,10786352
2018-07-10,149.38,151.79,147.78,149.79,149.79,4209651
2018-07-11,146.47,147.26,146.0,146.63,146.63,4381942
2018-07-12,150.06,150.45,149.72,150.09,150.09,6912764
2018-07-13,148.08,149.86,145.59,147.73,147.73,3414104
2018-07-16,147.55,148.46,147.28,147.87,147.87,4145685
2018-07-17,142.33,143.15,141.7,142.43,142.43,5977538
2018-07-18,144.19,144.58,143.83,144.21,144.21,5738786
2018-07-19,141.3,143.25,140.29,141.77,141.77,4100224
2018-07-20,145.46,146.44,144.55,145.5,145.5,6301343
2018-07-23,149.07,149.91,148.48,149.19,149.19,7341506
2018-07-24,148.91,149.67,147.29,148.48,148.48,3847778
2018-07-25,148.42,149.79,147.93,148.86,148.86,5622462
2018-07-26,147.59,148.47,146.18,147.33,147.33,4597955
2018-07-27,148.84,149.79,147.83,148.81,148.81,5633910
2018-07-30,146.01,147.34,144.2,145.77,145.77,2997779
2018-07-31,144.62,144.96,144.11,144.54,144.54,3653337
2018-08-01,144.71,145.35,143.58,144.47,144.47,6688868
2018-08-02,147.09,147.65,145.74,146.69,146.69,5294739
2018-08-03,150.64,152.18,149.58,150.88,150.88,5910262
2018-08-06,148.57,148.81,147.97,148.39,148.39,5226278
2018-08-07,147.04,147.67,145.05,146.36,146.36,7901846
2018-08-08,152.38,153.2,151.16,152.18,152.18,4525333
2018-08-09,150.1,150.96,148.83,149.9,149.9,4143692
2018-08-10,149.84,150.86,149.31,150.09,150.09,5032218
2018-08-13,151.17,152.17,150.87,151.52,151.52,5240507
2018-08-14,150.47,151.42,149.85,150.64,150.64,7090569
2018-08-15,153.07,153.62,151.16,152.39,152.39,3795800
2018-08-16,150.74,151.8,148.66,150.23,150.23,4745442
2018-08-17,146.66,147.45,144.82,146.13,146.13,11638755
2018-08-20,148.75,149.78,147.24,148.51,148.51,7550816
2018-08-21,147.24,148.4,145.36,146.88,146.88,3794524
2018-08-22,145.9,146.88,145.5,146.19,146.19,11597296
2018-08-23,147.92,148.12,147.34,147.73,147.73,3953690
2018-08-24,148.44,149.32,147.0,148.16,148.16,3393518
2018-08-27,148.62,149.62,148.22,148.92,148.92,5124931
2018-08-28,151.64,152.79,151.11,151.95,151.95,3664745
2018-08-29,150.45,150.76,150.07,150.41,150.41,7620994
2018-08-30,149.97,151.94,148.54,150.24,150.24,6600821
2018-08-31,151.63,153.11,150.98,152.05,152.05,8658063
2018-09-03,154.09,154.77,152.29,153.53,153.53,5240699
2018-09-04,149.58,150.62,148.0,149.31,149.31,3754729
2018-09-05,153.81,154.5,153.2,153.85,153.85,4187646
2018-09-06,153.45,155.42,152.87,154.15,154.15,6416374
2018-09-07,152.91,154.85,152.01,153.43,153.43,11516057
2018-09-10,156.45,157.34,153.6,155.47,155.47,3576642
2018-09-11,160.53,162.29,159.15,160.72,160.72,4451325
2018-09-12,158.72,159.4,157.34,158.37,158.37,6376177
2018-09-13,157.19,157.79,155.21,156.5,156.5,4760907
2018-09-14,154.66,155.78,153.24,154.51,154.51,6183160
2018-09-17,155.21,156.07,153.8,154.94,154.94,4493935
2018-09-18,150.23,151.23,148.95,150.09,150.09,6305883
2018-09-19,149.9,150.7,149.32,150.01,150.01,5293457
2018-09-20,152.18,153.82,151.46,152.64,152.64,2613003
2018-09-21,156.28,156.67,155.16,155.91,155.91,5949622
2018-09-24,157.91,159.34,157.34,158.34,158.34,12561221
2018-09-25,154.41,155.22,152.13,153.68,153.68,7902295
2018-09-26,158.58,159.59,156.52,158.05,158.05,3827398
2018-09-27,153.68,155.79,153.04,154.42,154.42,3608266
2018-09-28,153.27,154.19,151.53,152.86,152.86,7153040
2018-10-01,150.97,152.48,150.08,151.28,151.28,7503682
2018-10-02,148.62,149.25,146.92,148.08,148.08,3467658
2018-10-03,148.62,149.94,148.13,149.04,149.04,9117703
2018-10-04,149.34,149.92,148.92,149.42,149.42,12971966
2018-10-05,146.75,147.32,145.91,146.61,146.61,2416175
2018-10-08,145.52,146.98,144.97,145.98,145.98,6934656
2018-10-09,147.2,150.32,146.35,148.33,148.33,3740762
2018-10-10,150.12,151.11,148.88,150.0,150.0,6189056
2018-10-11,150.06,151.5,149.59,150.54,150.54,1743273
2018-10-12,147.45,147.86,146.69,147.28,147.28,2136386
2018-10-15,148.47,148.98,147.25,148.11,148.11,5567784
2018-10-16,148.94,151.11,147.38,149.25,149.25,3818380
2018-10-17,148.63,149.97,147.99,148.98,148.98,7067695
2018-10-18,149.75,150.34,147.81,149.08,149.08,6212116
2018-10-19,152.78,154.1,152.18,153.14,153.14,4510195
2018-10-22,152.67,154.05,151.26,152.65,152.65,4070331
2018-10-23,156.41,157.92,155.14,156.53,156.53,6160551
2018-10-24,160.86,162.14,160.06,161.1,161.1,4311394
2018-10-25,160.28,161.53,158.87,160.2,160.2,4722859
2018-10-26,153.57,154.6,151.04,152.82,152.82,7504032
2018-10-29,153.31,153.77,152.29,153.03,153.03,4292213
2018-10-30,149.46,150.13,149.06,149.59,149.59,6147924
2018-10-31,148.72,149.01,148.3,148.65,148.65,4198016
2018-11-01,152.64,154.4,151.39,152.89,152.89,2486123
2018-11-02,152.35,152.75,151.68,152.21,152.21,11037619
2018-11-05,152.4,152.95,150.26,151.6,151.6,7060943
2018-11-06,151.95,153.58,151.16,152.37,152.37,3071857
2018-11-07,149.8,151.36,148.72,150.04,150.04,4575916
2018-11-08,149.35,150.26,147.93,149.09,149.09,6682933
2018-11-09,147.29,149.1,146.54,147.82,147.82,6053682
2018-11-12,150.63,151.44,149.37,150.41,150.41,3876672
2018-11-13,151.52,152.13,149.65,150.89,150.89,9370879
2018-11-14,155.04,155.7,152.8,154.25,154.25,3325110
2018-11-15,154.76,155.78,152.94,154.36,154.36,4847088
2018-11-16,158.38,159.21,157.36,158.29,158.29,5810956
2018-11-19,152.78,154.37,151.12,152.74,152.74,5335917
2018-11-20,154.44,156.62,152.2,154.41,154.41,9687375
2018-11-21,156.68,158.1,155.62,156.86,156.86,7301681
2018-11-22,156.51,158.02,155.29,156.65,156.65,4107554
2018-11-23,154.82,156.47,154.28,155.37,155.37,6935807
2018-11-26,152.89,154.44,151.68,153.06,153.06,9211454
2018-11-27,147.08,149.52,144.97,147.25,147.25,10457215
2018-11-28,148.64,151.51,146.99,149.25,149.25,2995893
2018-11-29,149.72,150.92,147.33,149.12,149.12,7822936
2018-11-30,147.15,148.33,146.57,147.45,147.45,9356406
2018-12-03,154.31,155.77,152.58,154.17,154.17,4101702
2018-12-04,150.41,152.28,149.94,151.11,151.11,4615526
2018-12-05,150.1,151.85,148.51,150.18,150.18,5536134
2018-12-06,152.74,154.78,152.05,153.41,153.41,7357900
2018-12-07,152.16,153.57,150.94,152.25,152.25,4766327
2018-12-10,151.33,152.42,150.16,151.29,151.29,2928841
2018-12-11,152.18,153.26,150.99,152.12,152.12,3442327
2018-12-12,148.88,149.64,147.35,148.5,148.5,3551717
2018-12-13,152.5,153.59,151.3,152.45,152.45,7815234
2018-12-14,150.6,151.35,149.29,150.32,150.32,9042009
2018-12-17,146.38,147.08,146.03,146.56,146.56,7606764
2018-12-18,147.45,147.94,145.76,146.85,146.85,2687212
2018-12-19,143.72,144.19,143.47,143.83,143.83,8567922
2018-12-20,145.67,147.37,143.44,145.4,145.4,5830057
2018-12-21,149.96,150.22,149.01,149.62,149.62,4913628
2018-12-24,152.03,152.82,149.52,151.17,151.17,2803831
2018-12-25,152.94,153.64,151.68,152.66,152.66,6134596
2018-12-26,152.21,153.61,150.96,152.29,152.29,6728563
2018-12-27,151.91,153.87,150.94,152.41,152.41,7199129
2018-12-28,152.18,154.28,151.15,152.71,152.71,3543059
2018-12-31,152.06,153.65,151.46,152.56,152.56,4866530
2019-01-01,150.86,152.52,150.38,151.45,151.45,4185514
2019-01-02,147.63,149.58,145.92,147.75,147.75,7272275
2019-01-03,147.15,148.35,144.58,146.46,146.46,10181990
2019-01-04,150.01,150.73,147.56,149.14,149.14,3050218
2019-01-07,151.62,153.08,150.75,151.92,151.92,6455182
2019-01-08,150.31,154.3,149.01,151.65,151.65,4002710
2019-01-09,151.38,152.48,150.41,151.44,151.44,2542813
2019-01-10,156.45,157.12,155.76,156.44,156.44,6874908
2019-01-11,162.04,164.28,160.04,162.16,162.16,3230797
2019-01-14,164.06,164.69,161.7,163.2,163.2,3202184
2019-01-15,165.6,166.51,164.59,165.55,165.55,6608354
2019-01-16,164.43,165.2,163.43,164.32,164.32,6579024
2019-01-17,161.12,163.36,160.4,161.88,161.88,2706768
2019-01-18,162.67,163.37,160.94,162.16,162.16,2599898
2019-01-21,159.22,159.48,159.11,159.29,159.29,1785446
2019-01-22,159.31,160.05,158.99,159.52,159.52,2818443
2019-01-23,155.43,156.53,154.85,155.69,155.69,4315776
2019-01-24,157.28,158.08,156.04,157.06,157.06,6395861
2019-01-25,156.41,157.4,154.11,155.76,155.76,3113783
2019-01-28,154.41,155.41,153.99,154.7,154.7,8947959
2019-01-29,154.32,155.21,153.85,154.53,154.53,7373864
2019-01-30,153.73,157.04,152.44,154.74,154.74,3943461
2019-01-31,154.91,156.53,153.92,155.23,155.23,12465561
2019-02-01,150.34,151.65,149.5,150.58,150.58,3082976
2019-02-04,151.97,152.41,151.16,151.79,151.79,3804775
2019-02-05,151.56,152.38,149.89,151.14,151.14,4499760
2019-02-06,145.54,146.36,143.8,145.08,145.08,8671441
2019-02-07,144.2,144.9,143.83,144.36,144.36,7263696
2019-02-08,137.49,138.29,136.36,137.32,137.32,6571830
2019-02-11,135.5,137.05,133.67,135.36,135.36,8528365
2019-02-12,136.46,138.44,134.08,136.26,136.26,5859572
2019-02-13,131.76,132.03,131.34,131.69,131.69,5476685
2019-02-14,132.85,133.87,131.28,132.57,132.57,6596283
2019-02-15,132.54,133.52,131.85,132.69,132.69,4003827
2019-02-18,131.07,132.92,129.84,131.38,131.38,6556077
2019-02-19,131.59,131.87,130.76,131.31,131.31,6569792
2019-02-20,132.8,133.3,132.08,132.69,132.69,6722146
2019-02-21,134.41,134.83,133.07,133.95,133.95,6890146
2019-02-22,133.52,133.95,132.93,133.44,133.44,4572994
2019-02-25,135.89,137.34,134.4,135.87,135.87,14690712
2019-02-26,133.87,134.79,133.23,134.01,134.01,7008710
2019-02-27,134.04,134.46,132.45,133.46,133.46,4695494
2019-02-28,134.76,136.07,132.93,134.5,134.5,7231011
2019-03-01,131.1,133.71,130.24,131.97,131.97,3987476
2019-03-04,130.38,130.61,130.18,130.39,130.39,4105034
2019-03-05,128.73,129.35,127.45,128.4,128.4,6412858
2019-03-06,124.53,125.94,124.07,125.01,125.01,3421312
2019-03-07,126.35,127.43,125.21,126.32,126.32,3750406
2019-03-08,128.73,129.31,128.29,128.8,128.8,3117969
2019-03-11,129.28,130.78,128.02,129.4,129.4,6860622
2019-03-12,128.43,129.74,126.65,128.2,128.2,9265801
2019-03-13,126.39,128.22,125.39,126.8,126.8,2781490
2019-03-14,124.22,124.53,123.29,123.91,123.91,8779988
2019-03-15,121.21,122.02,119.87,120.94,120.94,5987466
2019-03-18,117.77,120.33,116.99,118.66,118.66,2856803
2019-03-19,118.7,120.01,116.83,118.42,118.42,7223316
2019-03-20,115.79,116.26,115.5,115.88,115.88,3528775
2019-03-21,115.47,115.77,114.37,115.07,115.07,6681494
2019-03-22,116.44,116.91,115.7,116.3,116.3,3110074
2019-03-25,113.03,114.22,111.8,113.01,113.01,7554964
2019-03-26,114.02,114.65,112.4,113.52,113.52,5261793
2019-03-27,112.12,113.56,111.33,112.44,112.44,7047765
2019-03-28,111.8,112.9,111.22,112.06,112.06,4410406
2019-03-29,115.63,116.27,115.15,115.71,115.71,4330418
2019-04-01,114.58,114.84,113.9,114.37,114.37,4239543
2019-04-02,113.68,114.17,113.41,113.79,113.79,7304984
2019-04-03,114.78,115.43,113.01,114.22,114.22,2247503
2019-04-04,112.56,113.12,112.3,112.71,112.71,4723922
2019-04-05,113.66,115.21,113.21,114.21,114.21,3472523
2019-04-08,112.69,112.71,112.66,112.68,112.68,2760049
2019-04-09,112.3,113.01,112.08,112.55,112.55,6697287
2019-04-10,111.2,112.49,110.7,111.59,111.59,3554864
2019-04-11,111.5,112.48,110.52,111.5,111.5,8689961
2019-04-12,112.72,113.55,112.24,112.9,112.9,5605437
2019-04-15,111.81,111.98,111.27,111.62,111.62,4919461
2019-04-16,113.24,113.4,113.12,113.26,113.26,7268001
2019-04-17,114.55,115.29,113.42,114.36,114.36,7418536
2019-04-18,113.44,115.14,112.81,113.97,113.97,1996886
2019-04-19,109.41,110.5,109.09,109.8,109.8,5846820
2019-04-22,111.79,112.38,109.49,110.93,110.93,3570203
2019-04-23,109.68,111.61,108.93,110.27,110.27,6606481
2019-04-24,111.92,113.77,111.18,112.48,112.48,6184610
2019-04-25,112.78,113.83,112.03,112.93,112.93,11449733
2019-04-26,110.98,111.65,108.52,110.09,110.09,9817722
2019-04-29,113.34,113.71,112.11,112.91,112.91,5455276
2019-04-30,116.1,116.88,114.49,115.69,115.69,1491603
2019-05-01,111.42,112.45,110.39,111.42,111.42,7351013
2019-05-02,112.72,113.06,112.49,112.77,112.77,6213920
2019-05-03,109.02,109.45,108.13,108.79,108.79,6529607
2019-05-06,112.53,113.63,111.15,112.39,112.39,8859869
2019-05-07,112.5,112.91,111.09,112.0,112.0,4713044
2019-05-08,112.82,113.23,111.99,112.61,112.61,2962033
2019-05-09,111.69,112.76,110.93,111.84,111.84,2860754
2019-05-10,113.16,113.37,112.42,112.9,112.9,5539349
2019-05-13,115.42,116.34,115.13,115.73,115.73,5220115
2019-05-14,119.16,120.23,116.3,118.27,118.27,5024246
2019-05-15,116.64,117.34,116.07,116.71,116.71,3961346
2019-05-16,116.55,117.08,114.88,115.98,115.98,2171073
2019-05-17,114.84,115.45,114.4,114.93,114.93,4599550
2019-05-20,118.91,119.43,117.28,118.35,118.35,5972702
2019-05-21,119.84,120.87,119.02,119.95,119.95,8335715
2019-05-22,121.49,122.16,120.86,121.51,121.51,3141512
2019-05-23,119.1,119.79,117.36,118.58,118.58,3245830
2019-05-24,119.58,120.77,119.19,119.98,119.98,3059539
2019-05-27,118.8,119.61,117.08,118.34,118.34,3929472
2019-05-28,117.99,118.86,117.12,117.99,117.99,4856284
2019-05-29,119.65,120.58,119.11,119.85,119.85,5502642
2019-05-30,119.4,119.89,119.24,119.57,119.57,4317118
2019-05-31,118.56,119.56,117.91,118.73,118.73,4546766
2019-06-03,119.62,120.71,119.01,119.86,119.86,6508609
2019-06-04,124.65,125.26,123.63,124.45,124.45,4224058
2019-06-05,127.33,127.83,125.59,126.71,126.71,21899185
2019-06-06,127.62,128.19,126.3,127.24,127.24,5827950
2019-06-07,128.51,129.44,127.28,128.36,128.36,8039158
2019-06-10,131.75,132.43,131.18,131.8,131.8,4608311
2019-06-11,132.85,133.33,130.94,132.14,132.14,9992599
2019-06-12,130.62,131.42,128.99,130.21,130.21,2298306
2019-06-13,132.09,133.74,130.31,132.03,132.03,4621142
2019-06-14,130.98,132.85,129.62,131.23,131.23,9012428
2019-06-17,131.04,132.44,130.67,131.55,131.55,5464578
2019-06-18,128.23,130.18,127.36,128.77,128.77,7825642
2019-06-19,128.0,128.75,127.55,128.15,128.15,2599953
2019-06-20,127.04,128.25,126.3,127.27,127.27,5815751
2019-06-21,129.78,130.43,128.94,129.69,129.69,3844507
2019-06-24,133.7,134.98,132.86,133.92,133.92,14364295
2019-06-25,133.8,134.71,132.44,133.57,133.57,4460117
2019-06-26,127.65,128.81,126.82,127.82,127.82,5197127
2019-06-27,128.0,129.34,127.42,128.38,128.38,5267045
2019-06-28,129.84,131.14,129.15,130.15,130.15,6886011
2019-07-01,134.07,134.6,133.07,133.84,133.84,5876654
2019-07-02,132.15,133.29,131.7,132.49,132.49,5058991
2019-07-03,132.18,132.77,130.21,131.49,131.49,5861530
2019-07-04,132.7,134.48,132.21,133.34,133.34,6138044
2019-07-05,135.45,136.55,134.95,135.75,135.75,4063381
2019-07-08,135.04,135.88,133.8,134.84,134.84,5204378
2019-07-09,130.28,131.47,129.94,130.7,130.7,5372124
2019-07-10,130.43,131.46,129.21,130.33,130.33,2629658
2019-07-11,135.36,136.05,134.87,135.46,135.46,4684231
2019-07-12,136.88,138.72,136.22,137.47,137.47,6499771
2019-07-15,134.98,136.19,133.55,134.87,134.87,5681969
2019-07-16,132.76,133.71,130.69,132.2,132.2,5487935
2019-07-17,128.0,129.03,126.19,127.61,127.61,4017999
2019-07-18,125.95,126.84,125.13,125.98,125.98,12492205
2019-07-19,127.93,128.76,127.71,128.24,128.24,5448585
2019-07-22,125.46,127.46,124.96,126.21,126.21,4992122
2019-07-23,129.74,131.01,128.31,129.66,129.66,8461851
2019-07-24,127.09,129.4,125.97,127.68,127.68,2806589
2019-07-25,126.73,127.31,124.73,126.02,126.02,6560582
2019-07-26,128.47,131.0,127.37,129.19,129.19,5265859
2019-07-29,127.96,128.32,127.62,127.97,127.97,5516326
2019-07-30,126.61,128.3,126.03,127.17,127.17,4828782
2019-07-31,128.51,129.79,127.62,128.7,128.7,4204763
2019-08-01,126.9,127.17,125.93,126.55,126.55,8130929
2019-08-02,121.52,121.93,121.35,121.64,121.64,4208800
2019-08-05,123.33,123.97,122.94,123.46,123.46,6725648
2019-08-06,118.9,120.14,118.41,119.27,119.27,5391721
2019-08-07,121.61,122.45,121.0,121.72,121.72,6941119
2019-08-08,121.98,124.03,121.36,122.7,122.7,4356802
2019-08-09,122.76,123.65,120.99,122.32,122.32,12478228
2019-08-12,124.25,125.5,122.87,124.19,124.19,4181713
2019-08-13,125.64,126.64,124.19,125.42,125.42,5632948
2019-08-14,125.78,126.88,124.68,125.78,125.78,6171608
2019-08-15,126.31,127.64,124.23,125.93,125.93,3439497
2019-08-16,125.32,125.93,124.32,125.13,125.13,5284900
2019-08-19,124.1,124.36,123.95,124.16,124.16,3866959
2019-08-20,125.6,126.23,124.91,125.57,125.57,4785269
2019-08-21,125.1,125.61,123.85,124.73,124.73,10223303
2019-08-22,126.93,127.48,125.38,126.43,126.43,6243279
2019-08-23,126.74,127.41,124.76,126.08,126.08,3817163
2019-08-26,123.49,124.5,122.75,123.63,123.63,6873485
2019-08-27,122.51,123.77,120.93,122.35,122.35,5018857
2019-08-28,121.07,121.54,120.44,120.99,120.99,5095836
2019-08-29,119.97,121.15,119.34,120.24,120.24,6514562
2019-08-30,121.85,122.54,121.5,122.02,122.02,3797412
2019-09-02,125.71,126.42,124.08,125.25,125.25,7134223
2019-09-03,123.79,125.25,123.35,124.3,124.3,3318357
2019-09-04,124.42,124.98,123.64,124.31,124.31,2852493
2019-09-05,124.84,125.52,123.17,124.34,124.34,5280170
2019-09-06,123.58,125.25,122.8,124.02,124.02,6221228
2019-09-09,121.33,122.72,120.44,121.58,121.58,5949554
2019-09-10,121.78,123.1,121.18,122.14,122.14,11546615
2019-09-11,126.69,128.06,125.79,126.92,126.92,5266424
2019-09-12,127.26,129.47,126.67,128.07,128.07,6033125
2019-09-13,125.25,125.72,124.07,124.89,124.89,5202723
2019-09-16,121.17,122.44,120.08,121.26,121.26,4465541
2019-09-17,119.01,120.22,118.69,119.46,119.46,7644665
2019-09-18,121.54,122.87,120.33,121.6,121.6,5236168
2019-09-19,119.53,120.64,119.04,119.84,119.84,5355160
2019-09-20,121.3,122.33,120.81,121.57,121.57,7698059
2019-09-23,117.53,117.73,116.84,117.29,117.29,6067287
2019-09-24,116.51,117.57,115.82,116.7,116.7,4039734
2019-09-25,114.58,115.22,113.42,114.32,114.32,4659018
2019-09-26,109.99,111.74,109.48,110.61,110.61,8502596
2019-09-27,109.79,110.43,108.16,109.3,109.3,6156511
2019-09-30,107.82,108.99,107.34,108.16,108.16,3716810
2019-10-01,109.77,112.05,108.98,110.51,110.51,6716788
2019-10-02,111.96,112.78,111.12,111.95,111.95,6010471
2019-10-03,110.7,111.53,109.66,110.6,110.6,5473681
2019-10-04,108.75,109.58,107.75,108.67,108.67,6098120
2019-10-07,107.16,107.26,106.76,107.01,107.01,4976614
2019-10-08,106.58,107.72,106.19,106.96,106.96,5629007
2019-10-09,106.59,108.63,105.92,107.28,107.28,5432780
2019-10-10,106.82,107.45,106.4,106.92,106.92,5265250
2019-10-11,107.18,108.8,106.7,107.75,107.75,7809637
2019-10-14,108.85,108.91,108.75,108.83,108.83,3329270
2019-10-15,109.09,109.31,108.36,108.84,108.84,5507234
2019-10-16,105.94,106.57,105.09,105.83,105.83,8174156
2019-10-17,106.69,107.79,105.69,106.74,106.74,9669969
2019-10-18,106.16,106.68,104.56,105.62,105.62,5420007
2019-10-21,107.54,108.54,106.36,107.45,107.45,15507793
2019-10-22,108.69,109.62,107.0,108.31,108.31,5130670
2019-10-23,108.58,109.86,108.17,109.02,109.02,7391652
2019-10-24,108.4,109.46,107.34,108.4,108.4,2756225
2019-10-25,110.67,111.43,110.17,110.8,110.8,5976950
2019-10-28,109.55,110.63,109.23,109.93,109.93,6614702
2019-10-29,107.95,109.18,106.58,107.88,107.88,3147076
2019-10-30,106.82,108.37,105.86,107.11,107.11,9082856
2019-10-31,106.88,107.33,105.51,106.42,106.42,7040700
2019-11-01,105.36,106.14,104.3,105.22,105.22,4487202
2019-11-04,106.36,106.75,104.95,105.85,105.85,8327893
2019-11-05,108.2,109.65,107.24,108.45,108.45,6689307
2019-11-06,106.93,107.72,106.16,106.94,106.94,3277864
2019-11-07,105.76,106.2,104.71,105.45,105.45,5824250
2019-11-08,105.68,107.11,104.95,106.03,106.03,6003958
2019-11-11,105.8,106.14,105.19,105.67,105.67,12579977
2019-11-12,107.46,107.97,106.37,107.17,107.17,3611455
2019-11-13,110.48,112.33,109.79,111.06,111.06,6927608
2019-11-14,110.84,112.0,110.2,111.1,111.1,7364640
2019-11-15,111.29,112.32,110.75,111.54,111.54,6391632
2019-11-18,112.14,112.9,111.13,112.02,112.02,8041708
2019-11-19,111.63,112.71,111.26,111.98,111.98,4884015
2019-11-20,110.18,110.87,109.35,110.11,110.11,4616298
2019-11-21,111.72,112.38,110.73,111.55,111.55,8214656
2019-11-22,113.49,114.17,112.49,113.33,113.33,6617273
2019-11-25,117.52,118.75,115.6,117.17,117.17,5524263
2019-11-26,118.38,119.82,117.6,118.71,118.71,6866203
2019-11-27,118.68,119.01,118.47,118.74,118.74,8703958
2019-11-28,118.76,120.35,117.44,118.89,118.89,7450216
2019-11-29,119.19,119.67,118.28,118.98,118.98,7402124
2019-12-02,120.5,121.11,119.69,120.4,120.4,4639983
2019-12-03,118.13,119.49,117.11,118.3,118.3,5162257
2019-12-04,116.6,117.77,114.79,116.28,116.28,7144809
2019-12-05,114.74,115.32,114.33,114.83,114.83,14433019
2019-12-06,116.6,117.62,114.88,116.25,116.25,6174225
2019-12-09,114.26,115.26,113.47,114.37,114.37,2619176
2019-12-10,114.71,116.1,114.16,115.13,115.13,13151765
2019-12-11,117.04,118.31,116.59,117.45,117.45,7538615
2019-12-12,117.97,118.35,117.37,117.86,117.86,2253842
2019-12-13,118.17,119.8,117.57,118.69,118.69,9894176
2019-12-16,114.85,115.93,113.86,114.89,114.89,3256565
2019-12-17,114.8,115.28,113.36,114.32,114.32,4750412
2019-12-18,112.81,113.62,111.59,112.6,112.6,10451265
2019-12-19,111.81,113.78,110.62,112.2,112.2,3369792
2019-12-20,114.92,116.35,113.41,114.88,114.88,6587632
2019-12-23,110.48,111.68,109.66,110.67,110.67,8006873
2019-12-24,107.56,108.04,107.29,107.67,107.67,3224904
2019-12-25,106.85,106.9,106.73,106.82,106.82,5777444
2019-12-26,110.15,111.0,109.35,110.17,110.17,4203773
2019-12-27,109.84,111.2,108.67,109.93,109.93,3567990
2019-12-30,111.72,112.26,110.19,111.23,111.23,2951064
2019-12-31,111.85,112.7,110.95,111.82,111.82,7535360
2020-01-01,110.62,110.99,109.86,110.42,110.42,8000022
2020-01-02,109.38,109.71,108.64,109.18,109.18,6512851
2020-01-03,109.71,110.84,109.42,110.13,110.13,3414260
2020-01-06,108.02,108.32,106.92,107.62,107.62,4446493
2020-01-07,110.03,111.64,109.09,110.37,110.37,3230620
2020-01-08,106.45,107.07,105.97,106.52,106.52,4794539
2020-01-09,107.28,108.78,106.19,107.48,107.48,9155501
2020-01-10,106.22,107.11,104.88,105.99,105.99,4659349
2020-01-13,105.26,106.49,103.59,105.04,105.04,11063570
2020-01-14,102.41,102.95,100.3,101.63,101.63,7380592
2020-01-15,102.26,102.91,100.97,101.94,101.94,5937433
2020-01-16,101.81,103.03,100.65,101.84,101.84,4224986
2020-01-17,99.77,101.2,99.08,100.14,100.14,6632045
2020-01-20,102.68,103.23,101.23,102.23,102.23,3423454
2020-01-21,101.64,102.23,100.65,101.44,101.44,4473419
2020-01-22,101.95,102.28,101.02,101.65,101.65,5311738
2020-01-23,103.29,103.95,102.97,103.46,103.46,7108804
2020-01-24,103.4,104.14,102.56,103.35,103.35,5978426
2020-01-27,104.03,104.97,103.72,104.35,104.35,6905622
2020-01-28,101.99,103.05,100.35,101.7,101.7,6775845
2020-01-29,102.34,102.69,101.37,102.03,102.03,13624500
2020-01-30,103.81,104.49,103.28,103.89,103.89,6551819
2020-01-31,100.89,102.09,100.1,101.1,101.1,3233509
2020-02-03,99.67,100.64,98.54,99.59,99.59,4765128
2020-02-04,97.29,97.77,96.46,97.12,97.12,5244275
2020-02-05,99.85,100.53,98.7,99.61,99.61,5585927
2020-02-06,101.13,101.74,100.66,101.2,101.2,3083146
2020-02-07,99.27,101.09,98.3,99.7,99.7,13921286
2020-02-10,98.57,99.34,96.86,98.1,98.1,10837704
2020-02-11,97.53,98.64,96.23,97.43,97.43,7173264
2020-02-12,98.66,98.92,98.07,98.5,98.5,2070962
2020-02-13,95.65,97.02,95.24,96.13,96.13,4661875
2020-02-14,93.39,94.45,92.8,93.63,93.63,3024744
2020-02-17,92.27,92.65,91.37,92.01,92.01,5919990
2020-02-18,91.56,92.98,91.0,91.99,91.99,4860777
2020-02-19,89.16,90.04,88.59,89.31,89.31,3859102
2020-02-20,87.72,88.33,87.41,87.87,87.87,5244010
2020-02-21,84.91,85.68,84.12,84.9,84.9,7036778
2020-02-24,82.35,83.44,82.05,82.74,82.74,7034538
2020-02-25,84.23,85.2,83.29,84.25,84.25,3405573
2020-02-26,83.05,84.71,82.42,83.56,83.56,4766645
2020-02-27,84.47,85.8,83.99,84.89,84.89,7340379
2020-02-28,83.77,84.72,82.93,83.82,83.82,3503545
2020-03-02,83.01,83.45,82.49,82.97,82.97,4549335
2020-03-03,84.86,86.11,84.25,85.18,85.18,9894577
2020-03-04,85.12,85.73,84.36,85.05,85.05,4695249
2020-03-05,82.0,83.07,81.22,82.14,82.14,4206107
2020-03-06,81.55,82.51,80.69,81.6,81.6,6735984
2020-03-09,81.47,82.29,81.12,81.7,81.7,8697077
2020-03-10,81.67,82.65,80.92,81.79,81.79,4094200
2020-03-11,79.49,79.73,78.73,79.23,79.23,4049117
2020-03-12,78.78,79.82,77.81,78.82,78.82,7161048
2020-03-13,77.93,78.14,77.71,77.92,77.92,4136851
2020-03-16,78.29,79.21,77.53,78.37,78.37,3928820
2020-03-17,76.37,77.26,75.98,76.62,76.62,6992784
2020-03-18,74.47,74.83,73.56,74.2,74.2,5305325
2020-03-19,71.71,72.41,71.09,71.75,71.75,3759805
2020-03-20,72.86,73.87,71.92,72.89,72.89,6909799
2020-03-23,73.34,73.98,72.99,73.48,73.48,4269870
2020-03-24,70.65,71.25,69.46,70.35,70.35,4162088
2020-03-25,70.12,70.3,69.47,69.88,69.88,5562888
2020-03-26,68.94,70.17,68.48,69.33,69.33,5026617
2020-03-27,69.9,70.27,69.04,69.65,69.65,3402525
2020-03-30,69.01,69.24,68.69,68.97,68.97,6569345
2020-03-31,69.75,70.21,69.04,69.63,69.63,7679721
2020-04-01,70.21,71.02,69.76,70.39,70.39,6068897
2020-04-02,71.66,72.05,70.98,71.52,71.52,12387687
2020-04-03,73.1,73.47,72.81,73.14,73.14,3791558
2020-04-06,74.1,74.71,73.37,74.04,74.04,6014928
2020-04-07,73.19,73.74,72.71,73.23,73.23,6267642
2020-04-08,72.49,72.93,71.75,72.34,72.34,3912687
2020-04-09,73.09,73.94,72.72,73.33,73.33,4533448
2020-04-10,72.98,73.46,71.75,72.6,72.6,8803014
2020-04-13,70.84,71.83,70.58,71.2,71.2,6747878
2020-04-14,71.53,72.21,71.13,71.67,71.67,6742756
2020-04-15,71.12,71.92,70.77,71.35,71.35,3354703
2020-04-16,69.64,69.96,69.44,69.7,69.7,6066215
2020-04-17,71.82,72.1,70.95,71.53,71.53,2396774
2020-04-20,71.93,72.22,71.08,71.65,71.65,3303253
2020-04-21,69.31,70.0,68.58,69.29,69.29,4536901
2020-04-22,68.99,69.22,68.29,68.75,68.75,2665073
2020-04-23,69.71,70.33,69.31,69.82,69.82,3289644
2020-04-24,69.25,70.44,68.78,69.61,69.61,6514758
2020-04-27,69.93,70.56,69.28,69.92,69.92,2446592
2020-04-28,68.72,69.08,67.37,68.23,68.23,3902010
2020-04-29,69.9,70.21,69.45,69.83,69.83,6328379
2020-04-30,66.41,66.88,66.25,66.56,66.56,7278884
2020-05-01,67.58,68.29,67.05,67.67,67.67,8211091
2020-05-04,67.54,68.26,67.17,67.71,67.71,3222277
2020-05-05,66.26,67.02,65.95,66.48,66.48,6610876
2020-05-06,66.39,67.12,66.01,66.56,66.56,7596128
2020-05-07,65.81,66.21,65.06,65.64,65.64,4858645
2020-05-08,64.69,64.99,64.18,64.59,64.59,9280929
2020-05-11,62.86,63.37,61.85,62.61,62.61,3703479
2020-05-12,62.9,63.41,61.45,62.43,62.43,5080915
2020-05-13,63.02,63.74,62.69,63.22,63.22,5166650
2020-05-14,65.93,66.2,65.33,65.77,65.77,8378644
2020-05-15,64.14,64.18,64.1,64.14,64.14,4440193
2020-05-18,64.44,65.08,64.11,64.59,64.59,6247380
2020-05-19,63.58,64.3,63.31,63.8,63.8,5595107
2020-05-20,64.4,64.86,63.73,64.29,64.29,5943793
2020-05-21,65.33,66.05,64.52,65.28,65.28,8945260
2020-05-22,66.88,67.48,65.97,66.73,66.73,5190269
2020-05-25,67.88,68.34,67.13,67.74,67.74,2996174
2020-05-26,68.25,68.78,67.18,67.98,67.98,5336627
2020-05-27,67.96,68.22,67.57,67.89,67.89,13282925
2020-05-28,67.92,68.9,67.54,68.22,68.22,10335703
2020-05-29,68.88,69.04,68.44,68.74,68.74,6741451
2020-06-01,69.82,70.53,69.47,70.0,70.0,3652344
2020-06-02,70.42,70.53,70.36,70.44,70.44,6729550
2020-06-03,71.63,72.29,70.86,71.58,71.58,6979018
2020-06-04,71.07,71.19,70.94,71.07,71.07,4409679
2020-06-05,71.8,72.48,70.99,71.74,71.74,3871248
2020-06-08,69.55,70.27,69.23,69.75,69.75,5455157
2020-06-09,70.76,71.28,69.78,70.53,70.53,5041107
2020-06-10,70.8,71.71,70.36,71.04,71.04,7596575
2020-06-11,73.02,73.48,72.19,72.83,72.83,5451288
2020-06-12,71.48,71.76,71.1,71.43,71.43,3956096
2020-06-15,70.01,70.83,69.1,69.96,69.96,6464812
2020-06-16,67.86,67.92,67.63,67.77,67.77,7293078
2020-06-17,67.24,68.12,66.87,67.49,67.49,9901751
2020-06-18,66.36,67.21,66.14,66.67,66.67,2604553
2020-06-19,65.72,66.53,65.46,66.0,66.0,5472887
2020-06-22,64.93,65.73,64.52,65.12,65.12,4881771
2020-06-23,64.69,65.51,64.38,64.95,64.95,3567456
2020-06-24,65.49,66.13,65.21,65.67,65.67,4433185
2020-06-25,66.82,67.37,66.56,66.96,66.96,4863878
2020-06-26,67.71,67.87,67.46,67.66,67.66,5311479
2020-06-29,68.79,69.28,68.56,68.92,68.92,7409218
2020-06-30,68.33,68.62,67.63,68.13,68.13,4282800
2020-07-01,69.31,70.0,68.78,69.39,69.39,8302413
2020-07-02,69.79,70.16,69.41,69.78,69.78,8035398
2020-07-03,70.28,71.02,69.43,70.23,70.23,4510495
2020-07-06,68.22,68.36,68.11,68.23,68.23,7466472
2020-07-07,69.68,70.4,69.08,69.74,69.74,1987315
2020-07-08,67.7,68.75,67.27,68.01,68.01,9240530
2020-07-09,66.94,67.61,66.31,66.96,66.96,6167390
2020-07-10,68.75,69.46,68.42,68.94,68.94,9081893
2020-07-13,70.4,70.61,69.89,70.25,70.25,6331238
2020-07-14,68.93,69.24,68.39,68.82,68.82,3633231
2020-07-15,69.14,69.37,68.46,68.92,68.92,5983592
2020-07-16,69.17,69.82,68.5,69.16,69.16,9861598
2020-07-17,69.34,70.57,69.02,69.8,69.8,2286000
2020-07-20,71.13,71.56,70.32,70.94,70.94,1581078
2020-07-21,70.44,70.78,70.11,70.44,70.44,6014386
2020-07-22,69.53,70.11,69.0,69.56,69.56,4628581
2020-07-23,71.16,72.19,70.5,71.35,71.35,5130443
2020-07-24,70.51,70.61,70.37,70.49,70.49,8566506
2020-07-27,70.58,71.28,70.02,70.65,70.65,9284786
2020-07-28,70.91,71.28,70.3,70.79,70.79,3828580
2020-07-29,72.05,72.64,70.9,71.77,71.77,7003115
2020-07-30,70.22,71.15,69.86,70.5,70.5,6271863
2020-07-31,70.93,71.77,70.48,71.12,71.12,2437147
2020-08-03,72.13,72.45,71.55,72.0,72.0,6177764
2020-08-04,70.51,71.24,70.13,70.69,70.69,10330392
2020-08-05,70.53,70.88,69.31,70.09,70.09,7189065
2020-08-06,71.05,71.83,70.61,71.22,71.22,5558099
2020-08-07,73.54,74.0,72.36,73.18,73.18,4868518
2020-08-10,69.77,70.76,69.5,70.13,70.13,8561732
2020-08-11,69.79,70.33,69.57,69.95,69.95,6910662
2020-08-12,71.12,72.13,70.85,71.49,71.49,8693552
2020-08-13,70.1,70.59,69.68,70.13,70.13,6249652
2020-08-14,71.62,72.28,70.72,71.5,71.5,5678949
2020-08-17,72.74,73.82,72.35,73.08,73.08,3949725
2020-08-18,72.25,72.75,71.94,72.34,72.34,5314714
2020-08-19,73.12,73.61,72.28,72.95,72.95,6809668
2020-08-20,71.18,71.55,70.72,71.14,71.14,5642590
2020-08-21,70.29,70.94,69.42,70.18,70.18,7642987
2020-08-24,68.37,68.55,68.2,68.37,68.37,9146590
2020-08-25,65.25,65.39,64.7,65.04,65.04,5792187
2020-08-26,66.32,66.95,66.1,66.53,66.53,6838506
2020-08-27,66.66,66.85,66.32,66.58,66.58,5226508
2020-08-28,67.95,68.66,67.34,68.0,68.0,3855997
2020-08-31,67.3,67.88,66.73,67.31,67.31,3244569
2020-09-01,66.73,67.01,66.01,66.51,66.51,4600846
2020-09-02,65.74,66.08,65.19,65.64,65.64,9204038
2020-09-03,67.71,68.06,67.01,67.54,67.54,7864309
2020-09-04,67.87,68.57,67.59,68.08,68.08,13818119
2020-09-07,68.06,68.73,67.17,67.95,67.95,8976326
2020-09-08,66.93,67.45,66.36,66.91,66.91,4787575
2020-09-09,66.78,67.33,66.53,66.93,66.93,6261724
2020-09-10,65.88,65.98,65.51,65.74,65.74,3964250
2020-09-11,65.35,66.11,65.14,65.63,65.63,3817989
2020-09-14,67.67,68.48,67.21,67.85,67.85,5283433
2020-09-15,66.64,67.22,66.33,66.77,66.77,5194595
2020-09-16,66.31,66.92,66.02,66.47,66.47,4398297
2020-09-17,65.21,65.79,64.9,65.34,65.34,5019927
2020-09-18,63.71,63.9,63.41,63.65,63.65,6513751
2020-09-21,62.67,63.66,62.37,63.02,63.02,6409031
2020-09-22,62.22,62.88,61.86,62.37,62.37,6207799
2020-09-23,62.76,63.54,62.38,62.96,62.96,4390537
2020-09-24,64.21,64.55,63.34,63.95,63.95,6423071
2020-09-25,63.65,63.86,63.54,63.7,63.7,11698618
2020-09-28,64.59,64.85,63.84,64.34,64.34,3206166
2020-09-29,64.18,64.7,63.73,64.22,64.22,5002250
2020-09-30,66.69,67.01,66.6,66.81,66.81,6388363
2020-10-01,65.87,66.49,64.96,65.72,65.72,5682087
2020-10-02,66.87,67.31,66.17,66.74,66.74,4046742
2020-10-05,67.43,67.87,67.1,67.49,67.49,8262727
2020-10-06,66.76,67.12,65.47,66.29,66.29,3151681
2020-10-07,65.13,65.74,64.84,65.29,65.29,8126850
2020-10-08,63.93,64.64,63.53,64.09,64.09,5622682
2020-10-09,64.18,65.15,63.91,64.53,64.53,5814631
2020-10-12,66.54,67.01,65.8,66.4,66.4,5775086
2020-10-13,63.86,64.14,62.99,63.57,63.57,10009089
2020-10-14,65.36,65.6,64.76,65.18,65.18,10526580
2020-10-15,64.64,65.24,64.27,64.75,64.75,4348919
2020-10-16,61.76,62.04,61.15,61.59,61.59,8047934
2020-10-19,61.07,61.59,60.46,61.02,61.02,5747549
2020-10-20,61.36,61.75,60.39,61.07,61.07,12435310
2020-10-21,61.66,62.4,61.27,61.84,61.84,2941745
2020-10-22,61.37,62.07,61.19,61.63,61.63,5651136
2020-10-23,60.75,61.15,60.58,60.86,60.86,5134329
2020-10-26,62.69,62.95,62.23,62.59,62.59,6746793
2020-10-27,62.13,62.94,61.91,62.43,62.43,4448867
2020-10-28,62.58,63.1,62.15,62.63,62.63,7029109
2020-10-29,63.47,63.84,62.72,63.28,63.28,5024166
2020-10-30,66.16,66.87,65.42,66.14,66.14,2627672
2020-11-02,65.86,66.11,65.33,65.72,65.72,2373737
2020-11-03,67.69,68.08,67.58,67.83,67.83,6037768
2020-11-04,68.19,68.82,67.79,68.31,68.31,4153518
2020-11-05,65.99,66.79,65.57,66.18,66.18,6856864
2020-11-06,66.81,67.54,66.17,66.86,66.86,4652335
2020-11-09,69.34,70.48,68.97,69.72,69.72,7113160
2020-11-10,69.69,69.94,69.37,69.65,69.65,6898736
2020-11-11,70.36,70.67,69.81,70.24,70.24,4222378
2020-11-12,68.11,68.47,68.01,68.24,68.24,6445999
2020-11-13,68.17,68.77,67.18,67.97,67.97,10274938
2020-11-16,68.3,68.44,67.89,68.16,68.16,5633878
2020-11-17,68.1,68.79,67.15,67.97,67.97,10856688
2020-11-18,69.09,69.6,68.4,69.0,69.0,9045180
2020-11-19,69.69,69.73,69.59,69.66,69.66,7510019
2020-11-20,68.73,68.94,68.0,68.47,68.47,9116677
2020-11-23,69.87,70.32,69.14,69.73,69.73,9107961
2020-11-24,68.89,69.56,68.71,69.14,69.14,6930802
2020-11-25,69.23,69.5,68.65,69.08,69.08,5856034
2020-11-26,71.29,71.92,70.56,71.24,71.24,6638742
2020-11-27,71.4,71.83,70.75,71.29,71.29,11606559
2020-11-30,73.02,73.42,72.19,72.8,72.8,9773714
2020-12-01,73.31,73.72,72.48,73.1,73.1,7672933
2020-12-02,74.44,74.71,73.8,74.25,74.25,7462004
2020-12-03,73.79,74.68,73.52,74.1,74.1,4622927
2020-12-04,73.86,74.7,73.63,74.17,74.17,8848077
2020-12-07,73.17,74.32,72.53,73.42,73.42,9021646
2020-12-08,76.05,76.74,75.07,75.91,75.91,6069133
2020-12-09,74.04,74.46,73.74,74.1,74.1,7184724
2020-12-10,73.75,74.19,73.1,73.65,73.65,2745230
2020-12-11,72.94,73.47,72.48,72.97,72.97,10160598
2020-12-14,75.27,75.54,74.36,74.95,74.95,2942878
2020-12-15,76.13,76.69,75.47,76.08,76.08,11629132
2020-12-16,75.99,76.65,75.34,75.99,75.99,3650738
2020-12-17,75.37,75.79,74.03,74.91,74.91,7444983
2020-12-18,75.49,75.69,75.24,75.46,75.46,4631372
2020-12-21,77.49,77.78,76.73,77.25,77.25,3237444
2020-12-22,77.44,78.0,76.76,77.38,77.38,2697016
2020-12-23,77.65,78.04,77.18,77.61,77.61,8855053
2020-12-24,78.11,78.81,77.02,77.91,77.91,5747628
2020-12-25,74.89,75.8,74.15,74.98,74.98,4975492
2020-12-28,73.42,74.22,72.14,73.18,73.18,3765281
2020-12-29,70.88,71.08,70.45,70.76,70.76,6328223
2020-12-30,72.53,72.94,71.94,72.44,72.44,5185248
2020-12-31,72.0,73.31,71.67,72.49,72.49,4021169
2021-01-01,72.16,72.42,71.19,71.81,71.81,5521778
2021-01-04,69.32,70.21,68.96,69.58,69.58,14768064
2021-01-05,69.23,69.61,69.0,69.3,69.3,2288042
2021-01-06,69.3,70.12,68.52,69.32,69.32,3904557
2021-01-07,69.86,70.65,69.62,70.14,70.14,7299547
2021-01-08,70.6,71.2,70.41,70.8,70.8,6431884
2021-01-11,70.3,71.21,69.29,70.25,70.25,5062295
2021-01-12,69.6,69.87,68.87,69.37,69.37,2256206
2021-01-13,68.46,68.87,68.1,68.48,68.48,10900600
2021-01-14,70.08,70.49,69.82,70.16,70.16,4481224
2021-01-15,71.54,71.77,70.91,71.34,71.34,15559172
2021-01-18,71.43,71.88,70.96,71.42,71.42,7172153
2021-01-19,72.83,73.73,72.51,73.12,73.12,3992518
2021-01-20,73.43,73.68,72.83,73.25,73.25,4614252
2021-01-21,72.35,72.64,72.04,72.34,72.34,2815592
2021-01-22,72.25,72.79,72.06,72.42,72.42,8864967
2021-01-25,71.27,71.4,70.91,71.16,71.16,5347890
2021-01-26,72.36,72.8,71.52,72.16,72.16,5257494
2021-01-27,73.82,74.37,73.33,73.85,73.85,6889090
2021-01-28,72.81,73.15,72.59,72.87,72.87,4790364
2021-01-29,73.59,74.01,73.15,73.58,73.58,13075164
2021-02-01,72.32,73.07,71.26,72.16,72.16,11203856
2021-02-02,72.61,73.21,71.55,72.38,72.38,15627104
2021-02-03,72.81,73.62,72.54,73.08,73.08,3777491
2021-02-04,74.68,75.02,74.16,74.59,74.59,12427390
2021-02-05,75.96,76.72,75.74,76.23,76.23,5243113
2021-02-08,76.17,76.8,75.4,76.1,76.1,4596445
2021-02-09,73.73,74.51,72.57,73.54,73.54,7138977
2021-02-10,76.65,76.9,75.84,76.37,76.37,8174963
2021-02-11,76.37,77.69,75.87,76.78,76.78,5217799
2021-02-12,78.83,79.76,77.42,78.59,78.59,5282558
2021-02-15,79.62,80.82,79.14,79.98,79.98,4893285
2021-02-16,80.94,81.63,80.71,81.17,81.17,3880233
2021-02-17,81.89,82.38,81.41,81.89,81.89,4120858
2021-02-18,84.39,84.7,83.21,83.95,83.95,5869123
2021-02-19,83.85,84.01,83.28,83.65,83.65,12159578
2021-02-22,79.04,80.68,78.46,79.57,79.57,3308906
2021-02-23,77.91,78.1,77.74,77.92,77.92,2239943
2021-02-24,78.79,79.69,77.86,78.77,78.77,10075428
2021-02-25,77.83,78.7,77.19,77.94,77.94,3609115
2021-02-26,76.4,76.67,75.37,76.02,76.02,4890150
2021-03-01,76.37,76.96,75.9,76.43,76.43,4911007
2021-03-02,76.41,76.57,76.27,76.42,76.42,7032191
2021-03-03,73.39,73.73,72.82,73.27,73.27,5752140
2021-03-04,73.69,74.27,73.2,73.73,73.73,2921777
2021-03-05,75.43,76.01,74.72,75.37,75.37,5751395
2021-03-08,74.09,74.38,73.25,73.82,73.82,2740452
2021-03-09,76.81,77.16,75.76,76.46,76.46,6774569
2021-03-10,75.55,76.6,75.26,75.93,75.93,5229509
2021-03-11,74.28,74.78,73.71,74.25,74.25,4307999
2021-03-12,70.92,71.73,70.65,71.19,71.19,3557121
2021-03-15,71.78,72.33,71.5,71.91,71.91,4934980
2021-03-16,72.54,72.93,71.24,72.09,72.09,7021875
2021-03-17,71.14,71.81,70.91,71.36,71.36,7274266
2021-03-18,69.41,69.6,68.9,69.25,69.25,6634877
2021-03-19,69.75,70.23,68.65,69.44,69.44,2874802
2021-03-22,68.9,69.91,68.23,69.07,69.07,5490680
2021-03-23,68.37,68.85,68.02,68.44,68.44,2169826
2021-03-24,68.56,68.8,67.89,68.35,68.35,6380924
2021-03-25,68.48,69.02,67.97,68.49,68.49,7649018
2021-03-26,66.05,66.39,65.85,66.12,66.12,5285822
2021-03-29,65.83,67.28,65.31,66.29,66.29,5925726
2021-03-30,68.39,68.39,68.38,68.38,68.38,8456807
2021-03-31,69.64,69.87,68.81,69.34,69.34,7998448
2021-04-01,68.72,69.25,68.14,68.7,68.7,2342643
2021-04-02,70.53,70.93,69.51,70.22,70.22,4605514
2021-04-05,71.64,72.41,71.38,71.89,71.89,15691318
2021-04-06,71.1,71.99,70.4,71.2,71.2,5957852
2021-04-07,69.38,69.99,69.06,69.52,69.52,5961035
2021-04-08,69.79,70.47,69.59,70.03,70.03,6364273
2021-04-09,69.67,70.94,69.2,70.07,70.07,3255957
2021-04-12,73.05,73.19,72.7,72.94,72.94,3227882
2021-04-13,73.8,74.47,72.45,73.46,73.46,4042862
2021-04-14,75.02,75.86,74.69,75.28,75.28,5434460
2021-04-15,72.96,74.23,72.27,73.25,73.25,7018017
2021-04-16,72.32,72.86,71.66,72.26,72.26,5749052
2021-04-19,72.01,72.92,71.29,72.1,72.1,6755440
2021-04-20,73.27,73.9,73.1,73.5,73.5,8024486
2021-04-21,74.12,74.8,73.7,74.25,74.25,4057897
2021-04-22,75.07,76.38,74.24,75.31,75.31,7299819
2021-04-23,76.37,76.91,75.65,76.28,76.28,6443791
2021-04-26,76.4,76.59,76.06,76.33,76.33,4609480
2021-04-27,76.28,76.69,75.13,75.91,75.91,5586617
2021-04-28,76.14,76.81,75.79,76.3,76.3,12380136
2021-04-29,76.04,76.42,75.27,75.84,75.84,4377851
2021-04-30,74.98,75.25,74.86,75.06,75.06,4144498
2021-05-03,74.15,74.89,73.5,74.19,74.19,6081527
2021-05-04,72.39,72.93,71.53,72.23,72.23,5311743
2021-05-05,70.15,70.95,69.89,70.42,70.42,5232803
2021-05-06,69.77,70.32,69.01,69.67,69.67,4587995
2021-05-07,70.14,71.32,68.92,70.12,70.12,5874319
2021-05-10,71.69,72.79,71.15,71.97,71.97,3404293
2021-05-11,73.1,74.28,72.5,73.39,73.39,11395913
2021-05-12,72.89,73.33,72.39,72.86,72.86,5367494
2021-05-13,71.62,72.38,71.2,71.79,71.79,4877518
2021-05-14,71.23,71.94,70.55,71.24,71.24,1764384
2021-05-17,68.76,69.87,68.26,69.07,69.07,4073463
2021-05-18,71.22,71.76,70.66,71.21,71.21,3682951
2021-05-19,70.35,71.0,69.67,70.33,70.33,5903918
2021-05-20,72.21,72.43,71.5,71.96,71.96,5162982
2021-05-21,73.36,74.37,72.86,73.62,73.62,4214065
2021-05-24,74.39,74.85,73.63,74.24,74.24,5109688
2021-05-25,73.82,74.01,73.24,73.62,73.62,5399739
2021-05-26,75.78,75.91,75.64,75.78,75.78,2765498
2021-05-27,78.34,79.27,77.71,78.49,78.49,3926190
2021-05-28,77.89,78.93,77.21,78.07,78.07,5514327
2021-05-31,77.46,78.52,77.14,77.83,77.83,10425232
2021-06-01,79.06,79.86,77.95,78.9,78.9,5390073
2021-06-02,81.52,82.37,80.76,81.56,81.56,11090513
2021-06-03,79.98,80.32,79.87,80.09,80.09,10458834
2021-06-04,80.37,81.19,79.9,80.54,80.54,4883455
2021-06-07,81.54,82.07,80.74,81.41,81.41,4739465
2021-06-08,81.0,81.98,80.09,81.04,81.04,3913300
2021-06-09,80.63,81.33,79.91,80.62,80.62,4268659
2021-06-10,79.46,79.85,78.23,79.04,79.04,3388229
2021-06-11,78.65,79.36,77.2,78.28,78.28,4806724
2021-06-14,78.6,78.96,77.68,78.32,78.32,5962436
2021-06-15,79.23,79.78,78.56,79.17,79.17,3419886
2021-06-16,80.51,80.97,78.73,79.85,79.85,1913291
2021-06-17,82.08,83.23,81.64,82.43,82.43,7305055
2021-06-18,81.14,82.18,80.16,81.17,81.17,6676675
2021-06-21,83.72,84.3,82.82,83.56,83.56,7788141
2021-06-22,83.36,83.65,82.45,83.05,83.05,12261613
2021-06-23,82.14,82.88,81.49,82.19,82.19,5619075
2021-06-24,83.77,84.53,83.13,83.83,83.83,4348317
2021-06-25,83.04,84.23,82.55,83.39,83.39,4435647
2021-06-28,81.84,82.98,81.24,82.11,82.11,8390634
2021-06-29,83.65,83.88,82.86,83.37,83.37,2522799
2021-06-30,84.87,85.79,84.39,85.09,85.09,20576371
2021-07-01,82.5,83.19,81.83,82.51,82.51,3952237
2021-07-02,83.32,84.05,82.25,83.15,83.15,3542535
2021-07-05,82.27,82.48,82.12,82.3,82.3,4452820
2021-07-06,82.84,83.23,82.41,82.82,82.82,5606376
2021-07-07,80.71,80.96,79.78,80.37,80.37,9846733
2021-07-08,79.9,80.85,79.57,80.21,80.21,2449351
2021-07-09,80.35,80.91,79.25,80.08,80.08,5906566
2021-07-12,80.25,80.82,79.94,80.38,80.38,3144989
2021-07-13,83.12,83.78,82.89,83.33,83.33,2720836
2021-07-14,80.96,81.2,80.38,80.79,80.79,4336780
2021-07-15,80.55,81.5,80.05,80.78,80.78,13683700
2021-07-16,79.95,80.4,78.99,79.7,79.7,4485798
2021-07-19,78.49,79.01,77.64,78.32,78.32,5486892
2021-07-20,78.25,78.87,77.78,78.32,78.32,4074368
2021-07-21,78.02,78.48,76.82,77.65,77.65,4577262
2021-07-22,77.35,77.61,76.99,77.3,77.3,5268358
2021-07-23,75.49,76.05,75.1,75.58,75.58,6861041
2021-07-26,74.02,74.76,73.73,74.24,74.24,7528750
2021-07-27,75.18,75.54,74.05,74.79,74.79,4937277
2021-07-28,74.17,74.69,73.82,74.26,74.26,3905233
2021-07-29,73.07,73.35,71.98,72.66,72.66,7446849
2021-07-30,71.54,73.08,70.89,71.98,71.98,6299131
2021-08-02,71.9,72.76,71.42,72.09,72.09,6065784
2021-08-03,70.82,71.42,70.43,70.93,70.93,4543734
2021-08-04,71.06,71.39,70.18,70.79,70.79,4796034
2021-08-05,70.34,70.78,69.5,70.14,70.14,4881013
2021-08-06,72.33,73.34,71.44,72.39,72.39,1921550
2021-08-09,74.12,75.1,73.87,74.49,74.49,6380900
2021-08-10,75.32,75.65,74.29,74.97,74.97,5033887
2021-08-11,72.66,73.62,72.2,72.91,72.91,3316095
2021-08-12,70.98,71.19,70.88,71.04,71.04,8232174
2021-08-13,71.19,71.53,70.4,70.97,70.97,5469426
2021-08-16,70.59,71.15,70.2,70.67,70.67,5285466
2021-08-17,69.36,70.26,68.69,69.48,69.48,11233849
2021-08-18,69.52,69.97,69.38,69.67,69.67,8216828
2021-08-19,67.39,67.77,66.97,67.37,67.37,2447882
2021-08-20,69.41,69.97,68.27,69.12,69.12,4381378
2021-08-23,70.62,71.03,70.27,70.65,70.65,3159054
2021-08-24,72.77,73.02,71.82,72.42,72.42,3471629
2021-08-25,71.48,72.89,71.05,71.97,71.97,5438297
2021-08-26,71.2,71.56,70.93,71.24,71.24,2895652
2021-08-27,71.38,72.27,70.43,71.35,71.35,6555823
2021-08-30,72.51,73.06,71.94,72.5,72.5,3828154
2021-08-31,73.26,73.65,72.92,73.28,73.28,7167466
2021-09-01,74.73,75.06,74.02,74.54,74.54,7170405
2021-09-02,72.74,73.18,71.79,72.48,72.48,12547784
2021-09-03,72.89,73.16,72.19,72.68,72.68,5255095
2021-09-06,72.98,74.07,72.59,73.33,73.33,5178306
2021-09-07,71.45,72.55,71.02,71.78,71.78,3630738
2021-09-08,72.21,73.11,71.8,72.45,72.45,3764794
2021-09-09,72.22,73.15,71.72,72.44,72.44,7819071
2021-09-10,71.46,72.26,70.9,71.58,71.58,4919211
2021-09-13,73.37,73.63,72.6,73.12,73.12,6133818
2021-09-14,73.19,73.79,72.58,73.18,73.18,13236670
2021-09-15,73.73,74.75,73.34,74.04,74.04,4427771
2021-09-16,75.06,75.34,74.77,75.06,75.06,4034245
2021-09-17,74.19,75.02,73.75,74.38,74.38,6266403
2021-09-20,74.49,75.39,73.52,74.46,74.46,6275599
2021-09-21,75.65,75.79,75.41,75.6,75.6,7986768
2021-09-22,76.7,77.16,76.52,76.84,76.84,5840995
2021-09-23,77.34,78.04,76.35,77.2,77.2,6750908
2021-09-24,79.28,79.67,78.31,78.99,78.99,3481454
2021-09-27,79.02,79.65,77.29,78.47,78.47,2830219
2021-09-28,79.01,79.93,77.96,78.95,78.95,2724776
2021-09-29,80.23,80.81,79.33,80.07,80.07,4995808
2021-09-30,81.58,82.5,81.19,81.84,81.84,5356424
2021-10-01,82.0,82.22,81.83,82.03,82.03,4310579
2021-10-04,81.71,82.19,80.9,81.55,81.55,23783874
2021-10-05,82.09,82.33,81.79,82.06,82.06,5224108
2021-10-06,79.57,80.27,79.3,79.79,79.79,6699971
2021-10-07,80.03,80.67,79.46,80.07,80.07,2748884
2021-10-08,82.1,82.64,80.58,81.61,81.61,8523734
2021-10-11,83.29,84.06,82.21,83.14,83.14,10713830
2021-10-12,85.14,86.85,84.32,85.58,85.58,4585422
2021-10-13,87.83,88.69,86.85,87.77,87.77,6353153
2021-10-14,90.58,91.71,89.68,90.7,90.7,6083276
2021-10-15,90.93,91.17,90.42,90.79,90.79,6164975
2021-10-18,88.19,88.76,87.45,88.1,88.1,2462799
2021-10-19,88.12,89.0,87.83,88.42,88.42,3092846
2021-10-20,91.63,92.52,90.96,91.74,91.74,11198846
2021-10-21,93.46,93.74,92.94,93.34,93.34,3703358
2021-10-22,91.06,91.51,89.99,90.75,90.75,4156945
2021-10-25,91.56,92.38,90.41,91.39,91.39,4734045
2021-10-26,90.98,92.3,90.64,91.47,91.47,5959980
2021-10-27,93.59,94.12,91.99,93.06,93.06,5669941
2021-10-28,90.71,91.24,90.2,90.72,90.72,4657922
2021-10-29,90.4,90.51,90.33,90.42,90.42,5903875
2021-11-01,90.05,90.92,88.91,89.91,89.91,3875458
2021-11-02,88.19,89.53,87.7,88.61,88.61,5731744
2021-11-03,88.95,89.52,88.31,88.92,88.92,3859798
2021-11-04,91.59,92.05,90.78,91.41,91.41,6512688
2021-11-05,93.15,94.25,92.65,93.45,93.45,5952231
2021-11-08,94.39,94.72,93.11,93.92,93.92,7163987
2021-11-09,94.23,94.67,92.91,93.79,93.79,3072029
2021-11-10,93.2,94.1,92.56,93.33,93.33,5015500
2021-11-11,94.04,94.41,93.03,93.72,93.72,3430844
2021-11-12,95.07,95.68,93.58,94.63,94.63,4941481
2021-11-15,98.49,99.81,97.5,98.66,98.66,3163752
2021-11-16,99.13,100.33,98.54,99.44,99.44,7187150
2021-11-17,100.66,101.57,98.54,100.05,100.05,3971840
2021-11-18,97.76,98.39,96.4,97.39,97.39,3377535
2021-11-19,95.27,95.52,94.58,95.05,95.05,5115594
2021-11-22,94.52,94.98,93.59,94.29,94.29,5493650
2021-11-23,94.61,95.78,94.31,95.04,95.04,8548771
2021-11-24,94.14,94.65,93.71,94.18,94.18,2820824
2021-11-25,98.51,99.26,97.58,98.42,98.42,7694113
2021-11-26,95.92,96.48,95.29,95.88,95.88,7834566
2021-11-29,95.66,96.46,94.61,95.53,95.53,6987968
2021-11-30,90.68,92.15,89.98,91.06,91.06,4636500
2021-12-01,91.49,92.43,90.83,91.63,91.63,7901907
2021-12-02,91.05,91.33,90.74,91.03,91.03,5426409
2021-12-03,93.96,94.67,93.63,94.15,94.15,7069023
2021-12-06,93.4,94.32,92.17,93.24,93.24,8008616
2021-12-07,90.95,92.13,90.33,91.23,91.23,3611480
2021-12-08,90.23,91.06,88.69,89.88,89.88,6061798
2021-12-09,91.24,91.61,90.01,90.81,90.81,7698266
2021-12-10,90.3,90.65,89.42,90.03,90.03,6739618
2021-12-13,88.8,89.56,88.38,88.97,88.97,4211343
2021-12-14,87.98,88.49,86.47,87.48,87.48,8716209
2021-12-15,89.14,90.13,88.1,89.12,89.12,8856579
2021-12-16,89.91,90.58,88.08,89.33,89.33,4094638
2021-12-17,87.31,87.63,86.65,87.14,87.14,4258448
2021-12-20,88.04,88.9,87.43,88.17,88.17,4483594
2021-12-21,88.71,89.53,88.13,88.83,88.83,5114181
2021-12-22,88.5,89.22,88.09,88.65,88.65,8032242
2021-12-23,90.67,91.1,89.64,90.37,90.37,3182839
2021-12-24,90.39,90.98,89.77,90.37,90.37,4650597
2021-12-27,90.29,90.92,89.38,90.15,90.15,6411026
2021-12-28,92.19,93.63,91.47,92.55,92.55,12223220
2021-12-29,93.34,93.59,92.74,93.17,93.17,3677719
2021-12-30,91.8,93.37,90.9,92.14,92.14,4426367
2021-12-31,90.75,91.76,89.89,90.82,90.82,5140070
2022-01-03,88.5,89.37,87.59,88.48,88.48,2964684
2022-01-04,88.2,89.54,87.85,88.7,88.7,4979646
2022-01-05,89.69,89.95,89.32,89.64,89.64,8123797
2022-01-06,89.52,90.6,89.06,89.83,89.83,7186492
2022-01-07,89.78,90.49,89.03,89.76,89.76,2705303
2022-01-10,90.42,91.98,89.61,90.79,90.79,9900012
2022-01-11,90.22,90.96,89.67,90.32,90.32,4687631
2022-01-12,93.2,93.89,91.77,92.83,92.83,4174332
2022-01-13,92.06,93.24,91.16,92.2,92.2,4482129
2022-01-14,89.37,90.33,88.56,89.45,89.45,5512157
2022-01-17,89.31,90.14,88.75,89.45,89.45,4396112
2022-01-18,88.86,90.11,88.42,89.26,89.26,3659758
2022-01-19,89.26,89.59,89.16,89.38,89.38,4122814
2022-01-20,87.78,88.03,87.52,87.77,87.77,8420731
2022-01-21,90.33,91.13,89.86,90.49,90.49,5176521
2022-01-24,88.48,89.03,87.31,88.17,88.17,5027674
2022-01-25,87.22,87.31,87.04,87.17,87.17,4686533
2022-01-26,87.85,88.79,86.65,87.72,87.72,3955799
2022-01-27,86.85,87.42,86.03,86.73,86.73,7659122
2022-01-28,84.56,84.99,84.02,84.51,84.51,5659319
2022-01-31,82.83,83.54,82.43,82.99,82.99,8225410
2022-02-01,84.07,84.92,82.83,83.87,83.87,3510613
2022-02-02,83.98,85.08,83.12,84.1,84.1,6359829
2022-02-03,84.6,85.46,83.65,84.55,84.55,8817868
2022-02-04,85.58,85.99,84.28,85.14,85.14,6298541
2022-02-07,88.58,89.3,87.12,88.21,88.21,6220807
2022-02-08,87.84,88.05,87.4,87.72,87.72,3933025
2022-02-09,91.56,92.71,90.79,91.75,91.75,6940474
2022-02-10,90.78,91.33,90.11,90.72,90.72,3996352
2022-02-11,90.51,91.16,89.23,90.19,90.19,6215772
2022-02-14,92.65,92.79,92.43,92.61,92.61,4755131
2022-02-15,91.8,92.63,90.77,91.7,91.7,3829759
2022-02-16,93.05,93.83,91.83,92.83,92.83,8133099
2022-02-17,92.83,93.47,92.03,92.75,92.75,7830951
2022-02-18,94.26,95.09,93.38,94.24,94.24,4897946
2022-02-21,95.34,96.55,94.57,95.56,95.56,7802819
2022-02-22,97.89,97.89,97.88,97.89,97.89,8104823
2022-02-23,95.93,97.15,95.62,96.38,96.38,5390981
2022-02-24,95.91,97.17,95.32,96.25,96.25,4496612
2022-02-25,97.71,98.3,96.7,97.5,97.5,4838161
2022-02-28,102.54,103.18,101.82,102.5,102.5,7004086
2022-03-01,102.19,102.5,101.32,101.91,101.91,3648280
2022-03-02,100.28,101.28,99.78,100.53,100.53,5115062
2022-03-03,104.63,104.96,103.33,104.15,104.15,4988938
2022-03-04,104.6,106.71,104.03,105.37,105.37,2651992
2022-03-07,107.72,108.15,107.05,107.6,107.6,3026965
2022-03-08,104.45,105.64,104.12,104.88,104.88,6919672
2022-03-09,104.57,105.41,104.15,104.78,104.78,3792797
2022-03-10,104.52,104.57,104.44,104.51,104.51,4435197
2022-03-11,104.34,105.76,103.87,104.82,104.82,6202778
2022-03-14,102.85,104.21,102.39,103.3,103.3,2796355
2022-03-15,103.65,104.92,102.49,103.7,103.7,3826510
2022-03-16,102.77,104.12,102.27,103.2,103.2,9018978
2022-03-17,104.51,106.08,103.17,104.63,104.63,2736919
2022-03-18,105.62,106.59,105.24,105.92,105.92,5173239
2022-03-21,106.13,106.56,104.47,105.51,105.51,2726462
2022-03-22,108.71,109.03,107.58,108.3,108.3,6034152
2022-03-23,109.73,111.02,108.35,109.69,109.69,7022613
2022-03-24,108.3,108.8,106.46,107.63,107.63,5864251
2022-03-25,107.69,109.41,106.89,108.15,108.15,4061041
2022-03-28,111.04,111.65,110.03,110.84,110.84,10871382
2022-03-29,110.77,111.4,110.43,110.92,110.92,5191057
2022-03-30,109.5,110.16,109.09,109.62,109.62,7336931
2022-03-31,110.61,112.35,109.98,111.16,111.16,8245165
2022-04-01,108.31,108.69,107.35,108.02,108.02,3768997
2022-04-04,105.88,106.85,105.2,106.02,106.02,3557078
2022-04-05,110.63,111.01,110.1,110.56,110.56,10330589
2022-04-06,107.8,109.77,107.03,108.4,108.4,2333021
2022-04-07,104.92,105.72,103.34,104.53,104.53,2349475
2022-04-08,100.58,101.62,99.79,100.71,100.71,5926764
2022-04-11,104.42,105.91,103.99,104.95,104.95,8347369
2022-04-12,103.36,104.69,102.58,103.64,103.64,4533679
2022-04-13,105.45,107.03,104.14,105.59,105.59,4100951
2022-04-14,106.42,107.4,105.76,106.58,106.58,8339143
2022-04-15,107.34,107.84,106.95,107.4,107.4,2985843
2022-04-18,102.04,102.77,101.55,102.16,102.16,4383080
2022-04-19,103.37,103.63,103.08,103.36,103.36,3533085
2022-04-20,99.99,101.6,99.34,100.47,100.47,5574493
2022-04-21,98.25,98.99,97.47,98.23,98.23,11350973
2022-04-22,96.12,96.33,95.9,96.12,96.12,5911193
2022-04-25,94.67,95.77,93.14,94.45,94.45,4831080
2022-04-26,95.36,96.3,94.94,95.62,95.62,6226334
2022-04-27,94.17,94.79,93.36,94.07,94.07,5511767
2022-04-28,92.03,92.56,91.48,92.02,92.02,7042420
2022-04-29,91.27,92.15,90.85,91.5,91.5,6008836
2022-05-02,91.49,92.26,90.7,91.48,91.48,5105259
2022-05-03,91.7,92.0,91.21,91.61,91.61,5232399
2022-05-04,89.22,90.21,88.71,89.46,89.46,8667456
2022-05-05,88.83,89.3,88.34,88.82,88.82,5270784
2022-05-06,92.66,93.52,91.78,92.65,92.65,4676575
2022-05-09,92.63,93.89,91.88,92.88,92.88,11897039
2022-05-10,93.22,93.92,91.96,92.94,92.94,5083236
2022-05-11,95.73,96.64,94.76,95.7,95.7,4293144
2022-05-12,95.7,95.95,95.17,95.56,95.56,6396925
2022-05-13,96.96,97.38,95.56,96.47,96.47,3678098
2022-05-16,96.39,96.82,95.08,95.95,95.95,4711227
2022-05-17,94.22,95.32,93.68,94.5,94.5,5612833
2022-05-18,95.05,95.57,94.4,94.99,94.99,4181588
2022-05-19,93.42,94.63,92.73,93.68,93.68,10915507
2022-05-20,90.61,90.97,89.81,90.39,90.39,3664975
2022-05-23,89.23,90.37,88.49,89.43,89.43,6583901
2022-05-24,90.82,91.35,89.48,90.41,90.41,3529961
2022-05-25,88.26,88.81,87.66,88.23,88.23,6991422
2022-05-26,88.95,90.0,88.58,89.29,89.29,6768325
2022-05-27,90.51,91.18,89.14,90.16,90.16,3050667
2022-05-30,90.27,90.96,89.41,90.19,90.19,6818873
2022-05-31,89.37,89.77,88.62,89.2,89.2,5385025
2022-06-01,86.6,87.37,85.96,86.66,86.66,5128671
2022-06-02,86.88,87.69,86.61,87.15,87.15,4198155
2022-06-03,85.49,86.21,85.07,85.64,85.64,6233877
2022-06-06,87.33,88.16,87.05,87.6,87.6,3576269
2022-06-07,86.26,87.74,85.52,86.63,86.63,3908584
2022-06-08,84.76,85.3,83.06,84.18,84.18,4341896
2022-06-09,84.04,84.58,83.58,84.08,84.08,4162417
2022-06-10,82.61,83.48,81.89,82.69,82.69,4629316
2022-06-13,83.01,84.36,82.48,83.42,83.42,2283721
2022-06-14,82.39,82.99,81.83,82.41,82.41,4230209
2022-06-15,78.81,79.89,78.05,78.97,78.97,3553782
2022-06-16,76.38,76.44,76.2,76.32,76.32,7464781
2022-06-17,76.8,77.22,75.84,76.53,76.53,3744069
2022-06-20,76.56,76.94,76.35,76.64,76.64,8366306
2022-06-21,77.05,77.83,76.63,77.23,77.23,4424343
2022-06-22,79.43,79.65,78.71,79.18,79.18,3889392
2022-06-23,80.82,81.02,80.71,80.86,80.86,4504198
2022-06-24,80.5,80.95,80.22,80.58,80.58,7001627
2022-06-27,81.32,81.75,80.59,81.17,81.17,5803355
2022-06-28,79.98,80.34,79.0,79.67,79.67,7555549
2022-06-29,79.49,80.35,77.99,79.17,79.17,5539549
2022-06-30,77.46,77.78,76.86,77.32,77.32,6057369
2022-07-01,77.52,78.1,77.0,77.55,77.55,5308721
2022-07-04,79.48,79.82,78.86,79.34,79.34,2899214
2022-07-05,79.53,80.15,79.31,79.73,79.73,4360903
2022-07-06,80.33,80.71,80.23,80.47,80.47,4966874
2022-07-07,83.21,83.91,82.32,83.11,83.11,2470349
2022-07-08,82.38,82.9,82.16,82.53,82.53,7712628
2022-07-11,83.74,84.2,82.68,83.44,83.44,5020507
2022-07-12,81.85,82.35,81.14,81.74,81.74,4174204
2022-07-13,81.62,82.5,81.12,81.81,81.81,10758940
2022-07-14,79.9,80.06,79.27,79.66,79.66,6078389
2022-07-15,82.28,82.87,81.68,82.28,82.28,4856421
2022-07-18,79.71,80.32,78.64,79.48,79.48,7420956
2022-07-19,81.08,81.1,81.04,81.07,81.07,8540538
2022-07-20,80.46,81.6,79.99,80.8,80.8,8856615
2022-07-21,78.16,78.55,78.02,78.29,78.29,6435998
2022-07-22,80.32,81.84,79.81,80.83,80.83,7548788
2022-07-25,82.21,82.87,81.93,82.4,82.4,3184376
2022-07-26,84.08,84.86,83.42,84.14,84.14,5135555
2022-07-27,82.16,82.67,80.72,81.69,81.69,6402765
2022-07-28,81.67,82.16,81.07,81.62,81.62,3803641
2022-07-29,81.34,81.99,80.44,81.21,81.21,7755556
2022-08-01,82.65,83.5,82.42,82.96,82.96,7031695
2022-08-02,85.43,86.1,84.94,85.52,85.52,6235706
2022-08-03,85.8,86.17,84.83,85.5,85.5,3214317
2022-08-04,87.18,87.73,86.84,87.28,87.28,6739966
2022-08-05,88.17,88.73,86.54,87.64,87.64,4285261
2022-08-08,90.74,91.3,89.66,90.48,90.48,3415329
2022-08-09,92.31,92.77,91.93,92.35,92.35,6545976
2022-08-10,93.77,94.61,93.22,93.91,93.91,8265763
2022-08-11,94.3,95.02,93.84,94.43,94.43,2757326
2022-08-12,93.28,94.56,92.66,93.61,93.61,4537208
2022-08-15,90.52,91.18,90.26,90.72,90.72,3760798
2022-08-16,90.92,91.65,89.75,90.7,90.7,6782960
2022-08-17,90.88,91.4,89.84,90.62,90.62,9349473
2022-08-18,93.08,93.58,92.59,93.09,93.09,4900133
2022-08-19,93.4,94.9,92.9,93.9,93.9,6171249
2022-08-22,94.41,94.65,93.53,94.09,94.09,7494610
2022-08-23,94.84,95.81,94.53,95.17,95.17,3494591
2022-08-24,95.15,95.87,94.49,95.18,95.18,2131883
2022-08-25,96.17,96.49,95.7,96.1,96.1,4263657
2022-08-26,95.51,96.35,94.92,95.64,95.64,3165301
2022-08-29,94.17,95.33,93.56,94.45,94.45,11718839
2022-08-30,95.0,95.49,93.59,94.54,94.54,11232356
2022-08-31,93.77,95.06,92.89,93.97,93.97,7737891
2022-09-01,94.96,95.86,94.23,95.04,95.04,3496636
2022-09-02,93.79,94.21,92.97,93.59,93.59,10569175
2022-09-05,93.65,95.06,93.03,94.05,94.05,6441344
2022-09-06,94.32,94.86,93.27,94.06,94.06,4175706
2022-09-07,95.79,96.52,95.01,95.77,95.77,1763801
2022-09-08,93.43,94.23,92.07,93.15,93.15,5230481
2022-09-09,91.47,92.27,90.53,91.4,91.4,4792011
2022-09-12,93.45,94.11,91.44,92.77,92.77,7636538
2022-09-13,91.71,92.82,90.89,91.85,91.85,3544164
2022-09-14,92.49,93.54,92.13,92.84,92.84,4326322
2022-09-15,90.37,90.79,89.83,90.31,90.31,7551869
2022-09-16,91.09,91.28,90.49,90.88,90.88,2678904
2022-09-19,91.95,92.9,91.16,92.03,92.03,2620539
2022-09-20,95.6,96.99,94.69,95.84,95.84,4737124
2022-09-21,94.14,94.68,92.46,93.57,93.57,4930649
2022-09-22,92.7,94.2,91.79,93.0,93.0,2920943
2022-09-23,90.04,91.18,89.43,90.3,90.3,7086374
2022-09-26,90.08,90.37,89.42,89.89,89.89,9339836
2022-09-27,88.65,88.99,88.37,88.68,88.68,6573884
2022-09-28,86.42,87.03,85.92,86.48,86.48,5172200
2022-09-29,87.66,88.11,86.88,87.49,87.49,8354331
2022-09-30,88.01,88.87,87.41,88.14,88.14,7225690
2022-10-03,87.32,87.89,87.16,87.52,87.52,9958789
2022-10-04,88.17,88.53,87.21,87.87,87.87,6011754
2022-10-05,88.33,88.84,86.57,87.71,87.71,7866816
2022-10-06,86.55,88.3,86.09,87.2,87.2,6777986
2022-10-07,84.16,84.86,83.49,84.17,84.17,8815768
2022-10-10,82.39,82.97,81.94,82.46,82.46,6091857
2022-10-11,81.49,82.13,80.72,81.42,81.42,8284962
2022-10-12,81.06,81.28,80.42,80.85,80.85,4906610
2022-10-13,80.21,81.15,79.57,80.36,80.36,3882179
2022-10-14,81.47,81.97,80.54,81.26,81.26,3877275
2022-10-17,82.73,84.09,82.2,83.14,83.14,4839339
2022-10-18,82.22,82.76,80.53,81.65,81.65,9269274
2022-10-19,81.79,83.03,81.36,82.19,82.19,6710951
2022-10-20,81.8,82.81,80.77,81.79,81.79,4096954
2022-10-21,81.21,81.8,80.26,81.03,81.03,5194991
2022-10-24,81.61,82.56,81.31,81.94,81.94,4206866
2022-10-25,82.89,83.2,82.69,82.95,82.95,7194137
2022-10-26,84.18,84.81,83.26,84.04,84.04,5448490
2022-10-27,87.28,88.4,86.58,87.49,87.49,7581647
2022-10-28,87.08,87.52,86.32,86.92,86.92,6094234
2022-10-31,87.56,88.05,86.61,87.33,87.33,5427364
2022-11-01,87.77,88.48,87.49,87.98,87.98,3712420
2022-11-02,89.5,90.25,88.48,89.37,89.37,3337168
2022-11-03,90.17,90.84,89.95,90.4,90.4,8072564
2022-11-04,92.05,92.72,91.55,92.14,92.14,7627454
2022-11-07,90.76,91.04,90.29,90.67,90.67,8453288
2022-11-08,92.9,93.57,92.28,92.92,92.92,6674210
2022-11-09,94.1,94.35,94.0,94.18,94.18,3637756
2022-11-10,92.2,93.12,91.52,92.32,92.32,3390831
2022-11-11,93.03,93.94,92.17,93.05,93.05,9014472
2022-11-14,92.57,93.29,91.69,92.49,92.49,3163664
2022-11-15,95.52,96.9,95.0,95.95,95.95,3034671
2022-11-16,95.92,96.58,95.46,96.02,96.02,5166374
2022-11-17,94.77,95.79,93.88,94.84,94.84,7619387
2022-11-18,94.44,95.31,93.74,94.53,94.53,6656800
2022-11-21,96.96,97.78,96.53,97.15,97.15,1872025
2022-11-22,97.71,98.01,97.22,97.62,97.62,3786500
2022-11-23,96.0,96.53,95.53,96.03,96.03,4771185
2022-11-24,97.34,98.02,96.07,97.04,97.04,7104057
2022-11-25,94.83,95.46,94.32,94.89,94.89,4734221
2022-11-28,95.88,97.26,95.5,96.38,96.38,4816076
2022-11-29,95.15,95.61,94.9,95.25,95.25,4953964
2022-11-30,96.11,96.81,95.51,96.16,96.16,7458444
2022-12-01,99.02,99.8,97.87,98.83,98.83,5045947
2022-12-02,99.0,99.71,98.6,99.15,99.15,2748107
2022-12-05,98.99,100.58,98.36,99.47,99.47,2432777
2022-12-06,99.66,99.94,98.73,99.34,99.34,4975231
2022-12-07,99.99,100.53,98.82,99.68,99.68,5480808
2022-12-08,98.78,99.33,97.31,98.32,98.32,4513356
2022-12-09,99.51,100.04,98.48,99.26,99.26,7772186
2022-12-12,100.66,101.17,99.32,100.24,100.24,5744464
2022-12-13,101.81,102.75,101.0,101.88,101.88,6339479
2022-12-14,101.69,102.74,100.96,101.85,101.85,4453870
2022-12-15,103.6,104.21,102.62,103.42,103.42,8239883
2022-12-16,101.02,101.3,100.6,100.95,100.95,4463111
2022-12-19,100.97,101.75,100.3,101.02,101.02,5019943
2022-12-20,100.36,101.33,100.07,100.7,100.7,4371471
2022-12-21,100.07,100.54,99.3,99.92,99.92,2979336
2022-12-22,97.94,98.27,97.73,98.0,98.0,2836624
2022-12-23,98.14,99.03,97.54,98.28,98.28,3223252
2022-12-26,95.13,96.17,94.2,95.18,95.18,4829916
2022-12-27,96.6,97.03,95.56,96.29,96.29,6768705
2022-12-28,95.59,96.61,94.93,95.77,95.77,3004404
2022-12-29,97.06,97.11,96.97,97.04,97.04,4801733
2022-12-30,98.1,98.39,97.45,97.92,97.92,6795146
2023-01-02,95.62,95.8,95.39,95.59,95.59,6808699
2023-01-03,96.42,97.36,96.06,96.71,96.71,4408284
2023-01-04,94.24,95.17,93.18,94.17,94.17,2494094
2023-01-05,92.0,92.47,91.35,91.91,91.91,5731208
2023-01-06,92.3,92.8,92.02,92.41,92.41,9660177
2023-01-09,88.81,89.48,88.47,88.97,88.97,6767992
2023-01-10,92.03,92.13,91.86,92.0,92.0,8029663
2023-01-11,91.8,92.97,91.15,92.06,92.06,5817321
2023-01-12,94.11,94.95,93.29,94.12,94.12,8995331
2023-01-13,91.59,91.74,91.11,91.42,91.42,8003724
2023-01-16,90.21,90.57,89.47,90.02,90.02,5407225
2023-01-17,90.66,91.08,89.47,90.27,90.27,5418881
2023-01-18,88.65,88.95,87.91,88.43,88.43,3906689
2023-01-19,87.66,88.16,86.91,87.53,87.53,6956068
2023-01-20,86.57,86.96,86.05,86.5,86.5,3461258
2023-01-23,87.49,87.67,87.32,87.5,87.5,4135060
2023-01-24,87.23,87.66,87.09,87.38,87.38,3522913
2023-01-25,87.19,87.51,86.19,86.85,86.85,7843739
2023-01-26,85.14,86.49,84.71,85.6,85.6,12166902
2023-01-27,87.68,88.36,87.1,87.73,87.73,3993116
2023-01-30,91.07,92.53,90.7,91.62,91.62,7472846
2023-01-31,89.15,89.84,88.47,89.16,89.16,5468844
2023-02-01,89.52,89.86,88.27,89.06,89.06,4326771
2023-02-02,87.42,88.24,86.44,87.34,87.34,4762730
2023-02-03,89.51,90.18,88.89,89.54,89.54,16216100
2023-02-06,89.12,89.26,88.86,89.06,89.06,3842143
2023-02-07,89.18,89.65,89.02,89.33,89.33,10721486
2023-02-08,94.25,94.63,93.1,93.86,93.86,6796125
2023-02-09,91.9,93.35,91.47,92.41,92.41,3357213
2023-02-10,91.98,92.53,90.84,91.69,91.69,4940095
2023-02-13,89.78,90.85,89.14,89.99,89.99,1707133
2023-02-14,93.61,93.92,93.02,93.47,93.47,3566820
2023-02-15,94.01,94.84,93.1,93.97,93.97,5790379
2023-02-16,92.06,92.39,91.8,92.09,92.09,6061929
2023-02-17,92.3,93.41,91.95,92.68,92.68,6508263
2023-02-20,94.58,95.03,93.79,94.41,94.41,7857860
2023-02-21,92.28,92.63,91.26,91.94,91.94,5515257
2023-02-22,93.19,93.88,93.0,93.44,93.44,3877265
2023-02-23,91.83,92.14,90.97,91.56,91.56,7813233
2023-02-24,91.89,92.65,91.26,91.95,91.95,5583857
2023-02-27,96.76,97.46,95.31,96.38,96.38,4735089
2023-02-28,95.33,95.46,95.17,95.32,95.32,3369546
2023-03-01,95.44,96.83,94.96,95.89,95.89,4620936
2023-03-02,96.65,97.38,96.17,96.77,96.77,8460120
2023-03-03,95.72,96.08,94.56,95.32,95.32,5524714
2023-03-06,97.36,97.91,96.52,97.22,97.22,6929922
2023-03-07,99.12,99.89,97.43,98.66,98.66,4403372
2023-03-08,99.19,99.96,98.61,99.28,99.28,7061234
2023-03-09,99.27,99.54,98.71,99.13,99.13,6407008
2023-03-10,98.15,98.48,97.16,97.82,97.82,7604286
2023-03-13,97.62,99.15,96.95,98.05,98.05,3110948
2023-03-14,99.17,100.06,98.63,99.34,99.34,3833972
2023-03-15,101.6,102.48,100.61,101.54,101.54,7736267
2023-03-16,103.67,104.33,102.34,103.34,103.34,10647714
2023-03-17,106.6,107.3,105.68,106.49,106.49,8645621
2023-03-20,106.59,107.75,106.01,106.88,106.88,5625620
2023-03-21,107.77,108.09,107.16,107.62,107.62,5882872
2023-03-22,106.93,107.63,106.45,107.04,107.04,12537655
2023-03-23,109.25,109.69,108.95,109.32,109.32,2753415
2023-03-24,112.61,113.85,111.42,112.64,112.64,7164498
2023-03-27,113.76,115.17,112.46,113.81,113.81,2840950
2023-03-28,116.02,117.66,115.48,116.57,116.57,13185180
2023-03-29,114.01,114.13,113.94,114.04,114.04,4509754
2023-03-30,114.98,116.07,113.91,114.99,114.99,4735197
2023-03-31,111.6,112.55,111.3,111.93,111.93,5976155
2023-04-03,107.79,108.14,107.4,107.77,107.77,3246761
2023-04-04,105.98,106.34,105.72,106.03,106.03,7319362
2023-04-05,106.15,106.62,105.99,106.3,106.3,10181643
2023-04-06,108.81,109.84,108.53,109.19,109.19,7953333
2023-04-07,111.48,112.22,110.23,111.22,111.22,3989409
2023-04-10,111.52,112.81,110.85,111.83,111.83,7887862
2023-04-11,109.06,109.46,107.85,108.66,108.66,6994708
2023-04-12,109.91,111.01,108.91,109.96,109.96,8318125
2023-04-13,112.53,112.99,112.08,112.53,112.53,3757631
2023-04-14,113.32,114.27,111.08,112.67,112.67,6487533
2023-04-17,112.04,113.38,111.7,112.54,112.54,8763672
2023-04-18,111.05,111.39,110.61,111.0,111.0,3141772
2023-04-19,111.41,112.71,110.49,111.6,111.6,3754454
2023-04-20,117.37,118.15,116.4,117.27,117.27,3691607
2023-04-21,114.36,115.2,113.47,114.34,114.34,5029265
2023-04-24,110.18,110.9,109.87,110.38,110.38,4318696
2023-04-25,111.27,112.79,109.78,111.28,111.28,3631657
2023-04-26,109.8,110.89,107.24,109.07,109.07,4970838
2023-04-27,109.01,109.9,107.84,108.87,108.87,4293653
2023-04-28,109.55,110.77,108.54,109.65,109.65,5093113
2023-05-01,107.7,108.02,107.31,107.67,107.67,6195284
2023-05-02,105.6,107.27,104.92,106.1,106.1,4705358
2023-05-03,105.07,106.58,104.23,105.41,105.41,5659096
2023-05-04,106.84,107.43,105.86,106.64,106.64,4189934
2023-05-05,105.42,106.76,105.0,105.88,105.88,3795637
2023-05-08,107.0,107.62,105.01,106.32,106.32,3997880
2023-05-09,105.99,106.69,105.56,106.12,106.12,8241582
2023-05-10,102.48,104.44,101.67,103.05,103.05,3765964
2023-05-11,103.23,103.86,102.66,103.26,103.26,3001977
2023-05-12,103.43,103.86,103.01,103.44,103.44,6922019
2023-05-15,102.47,103.46,102.17,102.81,102.81,3827586
2023-05-16,105.2,106.3,104.34,105.32,105.32,3628124
2023-05-17,107.46,107.74,106.95,107.34,107.34,4237744
2023-05-18,111.11,111.2,110.81,111.0,111.0,12851931
2023-05-19,108.83,110.03,108.32,109.17,109.17,6857372
2023-05-22,105.73,106.8,105.2,106.0,106.0,7966803
2023-05-23,106.68,107.06,105.69,106.38,106.38,3176603
2023-05-24,104.92,105.3,104.21,104.76,104.76,6652170
2023-05-25,104.3,105.54,103.89,104.71,104.71,2778414
2023-05-26,105.61,105.93,104.87,105.4,105.4,2947599
2023-05-29,105.63,106.04,104.44,105.24,105.24,6400131
2023-05-30,106.15,107.27,105.04,106.16,106.16,2033190
2023-05-31,107.64,108.6,106.07,107.34,107.34,3666874
2023-06-01,111.54,112.42,111.01,111.72,111.72,8675707
2023-06-02,111.62,113.08,111.15,112.11,112.11,3334923
2023-06-05,113.16,113.89,112.49,113.19,113.19,17182478
2023-06-06,110.34,111.7,109.7,110.7,110.7,3683402
2023-06-07,110.6,111.39,110.37,110.88,110.88,4325302
2023-06-08,111.06,112.38,109.44,110.91,110.91,5531625
2023-06-09,115.2,116.35,113.83,115.09,115.09,5270431
2023-06-12,117.59,118.2,115.65,116.93,116.93,4636527
2023-06-13,115.37,116.19,115.04,115.62,115.62,4618121
2023-06-14,119.19,119.84,118.73,119.29,119.29,5885629
2023-06-15,118.83,119.08,118.28,118.68,118.68,3432976
2023-06-16,116.81,116.83,116.77,116.8,116.8,8700624
2023-06-19,117.15,117.85,115.42,116.64,116.64,6504692
2023-06-20,116.24,116.79,114.93,115.86,115.86,4831463
2023-06-21,115.87,116.48,115.26,115.87,115.87,7719555
2023-06-22,115.76,116.44,115.32,115.88,115.88,3548996
2023-06-23,116.89,117.96,116.53,117.24,117.24,10163010
2023-06-26,121.02,122.56,118.93,120.75,120.75,6719352
2023-06-27,122.77,123.5,120.82,122.16,122.16,6237421
2023-06-28,122.48,123.38,122.13,122.76,122.76,6459677
2023-06-29,124.73,125.23,123.63,124.43,124.43,5404212
2023-06-30,122.61,123.38,122.09,122.74,122.74,7876005
2023-07-03,120.39,121.3,119.16,120.23,120.23,7767417
2023-07-04,115.46,116.23,113.7,114.97,114.97,5104357
2023-07-05,110.21,110.58,110.03,110.31,110.31,2718348
2023-07-06,109.59,110.0,108.0,109.0,109.0,7542883
2023-07-07,111.07,111.43,110.56,111.0,111.0,3928054
2023-07-10,112.63,112.92,111.77,112.35,112.35,6667029
2023-07-11,115.57,116.18,114.18,115.18,115.18,4346513
2023-07-12,113.82,114.57,112.41,113.49,113.49,6316972
2023-07-13,113.54,114.88,112.77,113.83,113.83,5303465
2023-07-14,114.88,115.2,113.8,114.5,114.5,8661076
2023-07-17,116.52,117.96,115.38,116.67,116.67,3694246
2023-07-18,116.17,117.49,114.67,116.08,116.08,4329721
2023-07-19,116.9,117.49,115.32,116.4,116.4,6073949
2023-07-20,113.86,114.88,112.17,113.52,113.52,8993238
2023-07-21,114.61,115.5,113.1,114.3,114.3,5097789
2023-07-24,114.86,115.03,114.64,114.83,114.83,4497606
2023-07-25,117.39,117.88,116.18,117.03,117.03,5099845
2023-07-26,116.99,118.13,115.71,116.92,116.92,7896250
2023-07-27,116.64,117.71,115.76,116.74,116.74,7093835
2023-07-28,119.53,120.62,117.95,119.28,119.28,5106849
2023-07-31,120.45,121.03,118.97,120.0,120.0,5955503
2023-08-01,120.55,121.73,119.66,120.7,120.7,9614950
2023-08-02,124.98,125.58,124.13,124.86,124.86,5427775
2023-08-03,124.55,125.69,123.7,124.7,124.7,9222201
2023-08-04,122.54,123.45,121.32,122.39,122.39,6437347
2023-08-07,123.53,124.39,122.58,123.48,123.48,5427579
2023-08-08,120.84,122.1,120.25,121.17,121.17,8176801
2023-08-09,117.93,118.99,117.43,118.21,118.21,7513583
2023-08-10,118.24,119.15,117.16,118.15,118.15,6091577
2023-08-11,117.67,117.95,116.86,117.4,117.4,3070677
2023-08-14,117.57,118.41,116.28,117.35,117.35,6714822
2023-08-15,115.31,116.45,114.31,115.38,115.38,6220038
2023-08-16,113.92,114.55,113.65,114.1,114.1,5121934
2023-08-17,116.24,117.02,115.48,116.25,116.25,2723197
2023-08-18,115.44,116.31,113.78,115.05,115.05,4792747
2023-08-21,115.98,116.47,115.14,115.81,115.81,10819142
2023-08-22,118.62,118.9,118.26,118.58,118.58,3899037
2023-08-23,119.32,120.41,119.0,119.71,119.71,3512639
2023-08-24,118.91,119.36,117.33,118.35,118.35,3850186
2023-08-25,117.25,118.2,114.85,116.53,116.53,3635067
2023-08-28,117.34,118.25,115.74,116.99,116.99,7020288
2023-08-29,114.19,115.36,113.78,114.57,114.57,14670500
2023-08-30,118.04,119.2,117.01,118.11,118.11,7802252
2023-08-31,121.06,121.46,119.68,120.57,120.57,5714774
2023-09-01,121.19,122.4,119.2,120.8,120.8,8072607
2023-09-04,115.25,116.11,114.6,115.35,115.35,4590901
2023-09-05,116.66,117.21,115.76,116.48,116.48,4458566
2023-09-06,116.22,117.23,115.04,116.13,116.13,5947196
2023-09-07,117.06,117.64,115.84,116.74,116.74,5713587
2023-09-08,116.69,117.42,115.72,116.57,116.57,3885806
2023-09-11,115.44,115.81,113.98,114.9,114.9,7925173
2023-09-12,114.43,114.76,113.54,114.15,114.15,3714122
2023-09-13,111.68,112.04,110.38,111.21,111.21,5261396
2023-09-14,109.67,109.73,109.65,109.69,109.69,3900601
2023-09-15,112.72,113.15,112.39,112.77,112.77,5030622
2023-09-18,115.28,116.26,114.82,115.54,115.54,3439390
2023-09-19,115.55,115.96,114.85,115.41,115.41,6025102
2023-09-20,119.14,120.84,118.46,119.65,119.65,7807581
2023-09-21,118.65,119.09,116.97,118.03,118.03,8845962
2023-09-22,120.24,121.97,119.51,120.74,120.74,5642917
2023-09-25,123.2,123.98,121.88,122.93,122.93,7091639
2023-09-26,123.43,124.84,121.89,123.36,123.36,5418669
2023-09-27,125.31,126.28,124.33,125.3,125.3,3990287
2023-09-28,125.34,126.82,124.3,125.56,125.56,4331270
2023-09-29,126.68,127.79,125.67,126.73,126.73,3192101
2023-10-02,126.37,127.07,124.79,125.93,125.93,5270661
2023-10-03,126.4,126.89,125.46,126.18,126.18,5386470
2023-10-04,126.52,127.03,124.73,125.88,125.88,4742281
2023-10-05,125.92,127.11,125.2,126.16,126.16,3594885
2023-10-06,128.54,129.31,127.05,128.18,128.18,3954363
2023-10-09,125.84,126.57,124.46,125.52,125.52,3457233
2023-10-10,127.84,129.07,126.96,128.01,128.01,3867454
2023-10-11,124.54,126.09,124.05,125.07,125.07,7005257
2023-10-12,124.95,125.78,123.62,124.7,124.7,6080056
2023-10-13,126.28,127.59,125.1,126.34,126.34,5887282
2023-10-16,125.94,128.45,124.2,126.33,126.33,5995795
2023-10-17,129.83,130.86,128.35,129.6,129.6,5517459
2023-10-18,130.17,130.88,129.34,130.11,130.11,9781805
2023-10-19,128.0,128.98,126.59,127.78,127.78,7583542
2023-10-20,128.92,129.52,128.75,129.13,129.13,7393953
2023-10-23,130.64,131.17,129.0,130.08,130.08,4548476
2023-10-24,127.09,128.01,126.8,127.41,127.41,7564170
2023-10-25,129.66,130.23,128.54,129.39,129.39,7346639
2023-10-26,127.19,129.01,126.38,127.7,127.7,2940144
2023-10-27,127.91,129.69,127.33,128.51,128.51,3229864
2023-10-30,126.22,127.65,125.48,126.56,126.56,3737453
2023-10-31,130.72,131.26,128.87,130.06,130.06,2653715
2023-11-01,128.17,129.01,127.73,128.37,128.37,4332782
2023-11-02,125.6,126.85,124.97,125.91,125.91,4261312
2023-11-03,128.68,129.57,127.7,128.63,128.63,5897415
2023-11-06,128.27,129.43,127.65,128.54,128.54,10409110
2023-11-07,128.97,130.01,128.54,129.27,129.27,6176303
2023-11-08,126.59,127.44,124.85,126.15,126.15,5611515
2023-11-09,126.37,127.62,125.48,126.55,126.55,3276330
2023-11-10,129.3,130.08,128.77,129.42,129.42,7848638
2023-11-13,132.45,133.46,131.16,132.31,132.31,8066686
2023-11-14,129.89,130.48,129.24,129.86,129.86,7962287
2023-11-15,131.01,132.0,130.53,131.27,131.27,5511819
2023-11-16,129.09,130.68,128.02,129.35,129.35,6115545
2023-11-17,131.91,132.97,130.44,131.7,131.7,6418410
2023-11-20,132.76,134.01,132.03,133.02,133.02,6637003
2023-11-21,131.73,133.14,131.21,132.18,132.18,7325795
2023-11-22,131.75,132.81,131.36,132.09,132.09,4681087
2023-11-23,132.24,132.72,130.33,131.52,131.52,6713910
2023-11-24,130.89,131.63,130.49,131.06,131.06,5844677
2023-11-27,128.92,129.39,127.81,128.6,128.6,4920534
2023-11-28,123.53,125.4,122.76,124.08,124.08,4028914
2023-11-29,125.05,125.87,123.98,124.93,124.93,7122881
2023-11-30,124.45,124.79,123.13,123.96,123.96,5085571
2023-12-01,126.96,127.68,124.89,126.29,126.29,5476097
2023-12-04,131.26,131.97,130.93,131.45,131.45,6070793
2023-12-05,129.08,129.77,127.49,128.63,128.63,9737387
2023-12-06,128.5,129.62,127.31,128.47,128.47,4711745
2023-12-07,128.99,129.87,127.13,128.5,128.5,8688023
2023-12-08,127.52,129.24,126.34,127.79,127.79,7980539
2023-12-11,126.61,128.48,124.61,126.54,126.54,5879258
2023-12-12,126.82,127.48,125.38,126.43,126.43,4699849
2023-12-13,129.26,130.18,128.75,129.46,129.46,5703182
2023-12-14,129.61,130.41,128.92,129.67,129.67,8695752
2023-12-15,129.95,130.95,127.48,129.22,129.22,7457265
2023-12-18,129.68,131.07,128.91,129.99,129.99,8459185
2023-12-19,130.31,130.81,128.93,129.87,129.87,8103587
2023-12-20,127.51,128.54,126.75,127.64,127.64,6184614
2023-12-21,126.98,127.86,125.69,126.77,126.77,4908626
2023-12-22,125.11,126.3,124.2,125.25,125.25,6725134
2023-12-25,124.32,125.67,123.68,124.67,124.67,5594031
2023-12-26,125.97,127.14,124.82,125.98,125.98,4864754
2023-12-27,125.71,126.39,124.32,125.35,125.35,4594094
2023-12-28,129.99,131.61,129.01,130.31,130.31,4004748
2023-12-29,131.69,132.24,131.48,131.86,131.86,2208441
2024-01-01,130.81,133.78,129.86,131.82,131.82,4169215
